Trip_ID,travel_time_minutes
TRIP_00001,15.3
TRIP_00002,3.0
TRIP_00003,92.7
TRIP_00004,10.6
TRIP_00005,42.0
TRIP_00006,6.1
TRIP_00007,70.6
TRIP_00008,27.5
TRIP_00009,17.0
TRIP_00010,38.6
TRIP_00011,26.8
TRIP_00012,3.6
TRIP_00013,97.1
TRIP_00014,127.9
TRIP_00015,14.0
TRIP_00016,27.6
TRIP_00017,32.1
TRIP_00018,40.4
TRIP_00019,33.4
TRIP_00020,19.8
TRIP_00021,63.8
TRIP_00022,11.5
TRIP_00023,45.4
TRIP_00024,7.8
TRIP_00025,141.5
TRIP_00026,65.1
TRIP_00027,21.4
TRIP_00028,7.6
TRIP_00029,19.9
TRIP_00030,32.9
TRIP_00031,35.3
TRIP_00032,14.3
TRIP_00033,21.7
TRIP_00034,38.5
TRIP_00035,26.0
TRIP_00036,7.2
TRIP_00037,46.4
TRIP_00038,35.6
TRIP_00039,30.6
TRIP_00040,65.6
TRIP_00041,22.5
TRIP_00042,9.3
TRIP_00043,66.6
TRIP_00044,19.5
TRIP_00045,144.0
TRIP_00046,23.1
TRIP_00047,15.6
TRIP_00048,43.7
TRIP_00049,69.6
TRIP_00050,51.3
TRIP_00051,35.9
TRIP_00052,54.8
TRIP_00053,16.4
TRIP_00054,23.0
TRIP_00055,47.4
TRIP_00056,30.7
TRIP_00057,23.6
TRIP_00058,6.0
TRIP_00059,19.6
TRIP_00060,26.2
TRIP_00061,9.7
TRIP_00062,25.1
TRIP_00063,87.7
TRIP_00064,17.7
TRIP_00065,24.2
TRIP_00066,21.9
TRIP_00067,21.5
TRIP_00068,71.1
TRIP_00069,20.7
TRIP_00070,33.8
TRIP_00071,51.8
TRIP_00072,23.1
TRIP_00073,15.0
TRIP_00074,32.1
TRIP_00075,114.3
TRIP_00076,40.6
TRIP_00077,41.3
TRIP_00078,31.1
TRIP_00079,12.7
TRIP_00080,51.9
TRIP_00081,26.0
TRIP_00082,25.1
TRIP_00083,26.3
TRIP_00084,22.6
TRIP_00085,26.7
TRIP_00086,9.0
TRIP_00087,13.1
TRIP_00088,41.0
TRIP_00089,29.2
TRIP_00090,46.3
TRIP_00091,58.1
TRIP_00092,43.9
TRIP_00093,73.9
TRIP_00094,41.1
TRIP_00095,74.7
TRIP_00096,14.3
TRIP_00097,40.1
TRIP_00098,11.4
TRIP_00099,37.1
TRIP_00100,32.4
TRIP_00101,55.3
TRIP_00102,28.3
TRIP_00103,44.8
TRIP_00104,23.5
TRIP_00105,24.3
TRIP_00106,24.0
TRIP_00107,19.9
TRIP_00108,24.6
TRIP_00109,33.5
TRIP_00110,11.6
TRIP_00111,31.1
TRIP_00112,13.2
TRIP_00113,187.9
TRIP_00114,42.0
TRIP_00115,12.2
TRIP_00116,14.1
TRIP_00117,8.0
TRIP_00118,57.7
TRIP_00119,29.5
TRIP_00120,38.8
TRIP_00121,12.2
TRIP_00122,13.1
TRIP_00123,21.6
TRIP_00124,60.8
TRIP_00125,29.5
TRIP_00126,88.3
TRIP_00127,24.7
TRIP_00128,35.7
TRIP_00129,44.3
TRIP_00130,11.7
TRIP_00131,26.2
TRIP_00132,8.8
TRIP_00133,11.8
TRIP_00134,29.7
TRIP_00135,41.0
TRIP_00136,22.2
TRIP_00137,9.7
TRIP_00138,12.1
TRIP_00139,9.9
TRIP_00140,42.9
TRIP_00141,150.0
TRIP_00142,38.9
TRIP_00143,14.4
TRIP_00144,25.0
TRIP_00145,15.5
TRIP_00146,18.2
TRIP_00147,90.5
TRIP_00148,28.2
TRIP_00149,16.1
TRIP_00150,27.2
TRIP_00151,19.7
TRIP_00152,54.5
TRIP_00153,27.4
TRIP_00154,42.8
TRIP_00155,98.9
TRIP_00156,41.0
TRIP_00157,71.8
TRIP_00158,19.6
TRIP_00159,21.5
TRIP_00160,39.1
TRIP_00161,52.1
TRIP_00162,75.8
TRIP_00163,16.6
TRIP_00164,49.4
TRIP_00165,23.7
TRIP_00166,55.5
TRIP_00167,18.0
TRIP_00168,86.5
TRIP_00169,29.5
TRIP_00170,28.8
TRIP_00171,6.6
TRIP_00172,60.6
TRIP_00173,35.3
TRIP_00174,40.2
TRIP_00175,78.7
TRIP_00176,13.2
TRIP_00177,28.9
TRIP_00178,24.3
TRIP_00179,105.6
TRIP_00180,17.7
TRIP_00181,19.2
TRIP_00182,24.8
TRIP_00183,40.5
TRIP_00184,11.4
TRIP_00185,34.9
TRIP_00186,59.2
TRIP_00187,51.0
TRIP_00188,14.6
TRIP_00189,32.8
TRIP_00190,42.9
TRIP_00191,15.1
TRIP_00192,45.2
TRIP_00193,14.9
TRIP_00194,33.1
TRIP_00195,53.3
TRIP_00196,30.7
TRIP_00197,7.5
TRIP_00198,31.3
TRIP_00199,5.0
TRIP_00200,24.1
TRIP_00201,30.1
TRIP_00202,27.6
TRIP_00203,64.8
TRIP_00204,33.3
TRIP_00205,84.6
TRIP_00206,80.2
TRIP_00207,67.6
TRIP_00208,7.1
TRIP_00209,54.6
TRIP_00210,17.1
TRIP_00211,78.7
TRIP_00212,33.4
TRIP_00213,30.8
TRIP_00214,27.0
TRIP_00215,116.5
TRIP_00216,33.8
TRIP_00217,9.2
TRIP_00218,4.4
TRIP_00219,52.1
TRIP_00220,9.4
TRIP_00221,35.4
TRIP_00222,17.6
TRIP_00223,41.1
TRIP_00224,21.1
TRIP_00225,31.4
TRIP_00226,9.0
TRIP_00227,22.4
TRIP_00228,10.7
TRIP_00229,4.8
TRIP_00230,34.9
TRIP_00231,18.6
TRIP_00232,33.0
TRIP_00233,58.2
TRIP_00234,21.8
TRIP_00235,26.4
TRIP_00236,120.7
TRIP_00237,14.2
TRIP_00238,11.9
TRIP_00239,35.3
TRIP_00240,21.9
TRIP_00241,61.5
TRIP_00242,123.7
TRIP_00243,50.9
TRIP_00244,16.7
TRIP_00245,105.5
TRIP_00246,10.4
TRIP_00247,32.1
TRIP_00248,127.9
TRIP_00249,46.0
TRIP_00250,25.9
TRIP_00251,10.2
TRIP_00252,82.9
TRIP_00253,5.3
TRIP_00254,27.1
TRIP_00255,48.9
TRIP_00256,22.0
TRIP_00257,34.6
TRIP_00258,53.7
TRIP_00259,10.7
TRIP_00260,14.7
TRIP_00261,132.7
TRIP_00262,27.2
TRIP_00263,53.0
TRIP_00264,55.6
TRIP_00265,15.9
TRIP_00266,90.5
TRIP_00267,116.0
TRIP_00268,41.0
TRIP_00269,161.1
TRIP_00270,40.5
TRIP_00271,36.5
TRIP_00272,61.2
TRIP_00273,10.9
TRIP_00274,43.5
TRIP_00275,28.4
TRIP_00276,57.4
TRIP_00277,4.7
TRIP_00278,72.3
TRIP_00279,83.7
TRIP_00280,21.8
TRIP_00281,16.7
TRIP_00282,67.0
TRIP_00283,41.5
TRIP_00284,23.9
TRIP_00285,10.8
TRIP_00286,73.6
TRIP_00287,52.1
TRIP_00288,14.6
TRIP_00289,14.2
TRIP_00290,15.0
TRIP_00291,8.5
TRIP_00292,55.2
TRIP_00293,67.5
TRIP_00294,31.6
TRIP_00295,12.3
TRIP_00296,86.4
TRIP_00297,21.5
TRIP_00298,7.1
TRIP_00299,11.1
TRIP_00300,18.4
TRIP_00301,44.6
TRIP_00302,40.7
TRIP_00303,18.3
TRIP_00304,38.2
TRIP_00305,69.3
TRIP_00306,59.0
TRIP_00307,20.9
TRIP_00308,18.4
TRIP_00309,26.4
TRIP_00310,34.1
TRIP_00311,59.1
TRIP_00312,38.1
TRIP_00313,14.1
TRIP_00314,22.2
TRIP_00315,11.0
TRIP_00316,15.8
TRIP_00317,65.7
TRIP_00318,15.6
TRIP_00319,71.6
TRIP_00320,24.3
TRIP_00321,23.5
TRIP_00322,64.5
TRIP_00323,5.6
TRIP_00324,27.1
TRIP_00325,55.1
TRIP_00326,53.5
TRIP_00327,116.8
TRIP_00328,14.6
TRIP_00329,44.2
TRIP_00330,61.2
TRIP_00331,68.4
TRIP_00332,11.1
TRIP_00333,19.3
TRIP_00334,44.4
TRIP_00335,54.7
TRIP_00336,22.9
TRIP_00337,47.0
TRIP_00338,41.4
TRIP_00339,15.6
TRIP_00340,18.9
TRIP_00341,65.5
TRIP_00342,12.0
TRIP_00343,18.1
TRIP_00344,45.0
TRIP_00345,79.9
TRIP_00346,61.7
TRIP_00347,44.0
TRIP_00348,53.0
TRIP_00349,64.6
TRIP_00350,81.5
TRIP_00351,11.2
TRIP_00352,49.1
TRIP_00353,16.4
TRIP_00354,17.4
TRIP_00355,15.6
TRIP_00356,8.5
TRIP_00357,7.7
TRIP_00358,62.1
TRIP_00359,27.8
TRIP_00360,54.1
TRIP_00361,16.0
TRIP_00362,18.5
TRIP_00363,67.5
TRIP_00364,3.2
TRIP_00365,16.0
TRIP_00366,64.9
TRIP_00367,19.4
TRIP_00368,5.5
TRIP_00369,28.1
TRIP_00370,29.2
TRIP_00371,76.4
TRIP_00372,20.8
TRIP_00373,35.8
TRIP_00374,11.6
TRIP_00375,20.2
TRIP_00376,26.4
TRIP_00377,15.6
TRIP_00378,54.0
TRIP_00379,47.1
TRIP_00380,25.6
TRIP_00381,8.6
TRIP_00382,34.0
TRIP_00383,12.7
TRIP_00384,74.4
TRIP_00385,14.3
TRIP_00386,41.2
TRIP_00387,50.7
TRIP_00388,45.1
TRIP_00389,20.8
TRIP_00390,26.1
TRIP_00391,34.9
TRIP_00392,35.8
TRIP_00393,80.5
TRIP_00394,47.6
TRIP_00395,158.2
TRIP_00396,21.6
TRIP_00397,61.0
TRIP_00398,92.6
TRIP_00399,18.2
TRIP_00400,28.8
TRIP_00401,59.1
TRIP_00402,21.8
TRIP_00403,36.4
TRIP_00404,68.3
TRIP_00405,92.6
TRIP_00406,25.9
TRIP_00407,16.6
TRIP_00408,30.9
TRIP_00409,14.3
TRIP_00410,15.6
TRIP_00411,34.4
TRIP_00412,95.8
TRIP_00413,34.8
TRIP_00414,44.8
TRIP_00415,69.3
TRIP_00416,93.0
TRIP_00417,33.0
TRIP_00418,22.6
TRIP_00419,90.2
TRIP_00420,90.0
TRIP_00421,54.3
TRIP_00422,21.9
TRIP_00423,11.3
TRIP_00424,21.2
TRIP_00425,34.9
TRIP_00426,23.1
TRIP_00427,105.5
TRIP_00428,20.6
TRIP_00429,29.5
TRIP_00430,13.1
TRIP_00431,29.7
TRIP_00432,34.0
TRIP_00433,15.3
TRIP_00434,16.2
TRIP_00435,126.5
TRIP_00436,22.8
TRIP_00437,42.1
TRIP_00438,10.2
TRIP_00439,46.0
TRIP_00440,41.2
TRIP_00441,110.2
TRIP_00442,10.5
TRIP_00443,36.1
TRIP_00444,128.1
TRIP_00445,24.2
TRIP_00446,39.1
TRIP_00447,33.8
TRIP_00448,4.6
TRIP_00449,35.9
TRIP_00450,45.4
TRIP_00451,40.5
TRIP_00452,11.6
TRIP_00453,19.5
TRIP_00454,30.3
TRIP_00455,12.0
TRIP_00456,15.9
TRIP_00457,10.8
TRIP_00458,74.2
TRIP_00459,18.2
TRIP_00460,22.2
TRIP_00461,7.4
TRIP_00462,36.0
TRIP_00463,54.4
TRIP_00464,44.4
TRIP_00465,108.9
TRIP_00466,68.4
TRIP_00467,20.7
TRIP_00468,29.8
TRIP_00469,67.3
TRIP_00470,26.2
TRIP_00471,23.3
TRIP_00472,37.3
TRIP_00473,88.7
TRIP_00474,11.0
TRIP_00475,13.4
TRIP_00476,24.1
TRIP_00477,40.2
TRIP_00478,91.2
TRIP_00479,72.6
TRIP_00480,13.7
TRIP_00481,23.6
TRIP_00482,63.8
TRIP_00483,66.4
TRIP_00484,60.4
TRIP_00485,32.4
TRIP_00486,26.8
TRIP_00487,51.7
TRIP_00488,65.7
TRIP_00489,41.5
TRIP_00490,12.7
TRIP_00491,17.9
TRIP_00492,58.6
TRIP_00493,47.8
TRIP_00494,81.7
TRIP_00495,37.6
TRIP_00496,17.2
TRIP_00497,108.8
TRIP_00498,78.6
TRIP_00499,17.3
TRIP_00500,22.8
TRIP_00501,13.9
TRIP_00502,106.1
TRIP_00503,8.5
TRIP_00504,13.8
TRIP_00505,39.0
TRIP_00506,28.0
TRIP_00507,42.3
TRIP_00508,11.1
TRIP_00509,25.8
TRIP_00510,16.8
TRIP_00511,112.7
TRIP_00512,29.8
TRIP_00513,66.8
TRIP_00514,108.1
TRIP_00515,147.8
TRIP_00516,30.0
TRIP_00517,15.0
TRIP_00518,40.1
TRIP_00519,39.0
TRIP_00520,25.5
TRIP_00521,30.3
TRIP_00522,12.5
TRIP_00523,53.1
TRIP_00524,24.5
TRIP_00525,16.0
TRIP_00526,21.8
TRIP_00527,31.5
TRIP_00528,37.8
TRIP_00529,32.9
TRIP_00530,24.9
TRIP_00531,8.2
TRIP_00532,96.2
TRIP_00533,24.5
TRIP_00534,92.5
TRIP_00535,46.6
TRIP_00536,56.1
TRIP_00537,14.2
TRIP_00538,117.4
TRIP_00539,41.2
TRIP_00540,35.0
TRIP_00541,46.7
TRIP_00542,57.9
TRIP_00543,76.2
TRIP_00544,46.1
TRIP_00545,39.6
TRIP_00546,39.0
TRIP_00547,16.3
TRIP_00548,49.6
TRIP_00549,24.6
TRIP_00550,5.6
TRIP_00551,16.2
TRIP_00552,17.5
TRIP_00553,84.9
TRIP_00554,40.1
TRIP_00555,18.9
TRIP_00556,21.3
TRIP_00557,42.8
TRIP_00558,24.4
TRIP_00559,26.5
TRIP_00560,18.6
TRIP_00561,33.5
TRIP_00562,14.1
TRIP_00563,90.6
TRIP_00564,19.5
TRIP_00565,27.9
TRIP_00566,152.6
TRIP_00567,29.9
TRIP_00568,19.0
TRIP_00569,58.1
TRIP_00570,16.5
TRIP_00571,90.5
TRIP_00572,15.7
TRIP_00573,81.7
TRIP_00574,18.0
TRIP_00575,77.8
TRIP_00576,80.3
TRIP_00577,36.1
TRIP_00578,11.3
TRIP_00579,160.2
TRIP_00580,5.9
TRIP_00581,42.5
TRIP_00582,51.2
TRIP_00583,77.3
TRIP_00584,41.6
TRIP_00585,51.5
TRIP_00586,45.6
TRIP_00587,25.4
TRIP_00588,16.2
TRIP_00589,45.6
TRIP_00590,7.4
TRIP_00591,50.7
TRIP_00592,115.3
TRIP_00593,69.4
TRIP_00594,21.3
TRIP_00595,82.4
TRIP_00596,71.0
TRIP_00597,16.0
TRIP_00598,90.3
TRIP_00599,21.4
TRIP_00600,13.5
TRIP_00601,25.2
TRIP_00602,33.9
TRIP_00603,10.2
TRIP_00604,16.4
TRIP_00605,149.9
TRIP_00606,133.7
TRIP_00607,13.1
TRIP_00608,27.2
TRIP_00609,58.3
TRIP_00610,59.8
TRIP_00611,20.0
TRIP_00612,38.4
TRIP_00613,11.9
TRIP_00614,33.9
TRIP_00615,12.2
TRIP_00616,48.8
TRIP_00617,13.4
TRIP_00618,21.5
TRIP_00619,24.9
TRIP_00620,10.3
TRIP_00621,191.7
TRIP_00622,129.9
TRIP_00623,28.1
TRIP_00624,38.9
TRIP_00625,23.7
TRIP_00626,19.4
TRIP_00627,14.6
TRIP_00628,121.5
TRIP_00629,12.0
TRIP_00630,3.6
TRIP_00631,33.5
TRIP_00632,23.7
TRIP_00633,124.0
TRIP_00634,35.4
TRIP_00635,3.7
TRIP_00636,66.3
TRIP_00637,91.1
TRIP_00638,11.4
TRIP_00639,17.5
TRIP_00640,45.1
TRIP_00641,29.8
TRIP_00642,46.0
TRIP_00643,41.7
TRIP_00644,75.1
TRIP_00645,9.9
TRIP_00646,31.2
TRIP_00647,28.2
TRIP_00648,22.3
TRIP_00649,35.8
TRIP_00650,22.7
TRIP_00651,238.6
TRIP_00652,17.5
TRIP_00653,15.8
TRIP_00654,77.1
TRIP_00655,18.8
TRIP_00656,29.3
TRIP_00657,47.0
TRIP_00658,23.9
TRIP_00659,13.1
TRIP_00660,23.7
TRIP_00661,7.7
TRIP_00662,25.4
TRIP_00663,30.9
TRIP_00664,44.5
TRIP_00665,29.7
TRIP_00666,45.7
TRIP_00667,28.9
TRIP_00668,21.4
TRIP_00669,42.2
TRIP_00670,101.8
TRIP_00671,14.2
TRIP_00672,31.5
TRIP_00673,8.6
TRIP_00674,5.5
TRIP_00675,46.4
TRIP_00676,29.3
TRIP_00677,50.7
TRIP_00678,58.9
TRIP_00679,6.5
TRIP_00680,46.8
TRIP_00681,58.3
TRIP_00682,116.7
TRIP_00683,28.7
TRIP_00684,68.8
TRIP_00685,42.2
TRIP_00686,19.8
TRIP_00687,46.3
TRIP_00688,55.3
TRIP_00689,8.9
TRIP_00690,10.6
TRIP_00691,13.5
TRIP_00692,33.0
TRIP_00693,26.3
TRIP_00694,11.2
TRIP_00695,31.2
TRIP_00696,18.1
TRIP_00697,26.2
TRIP_00698,14.0
TRIP_00699,18.0
TRIP_00700,99.8
TRIP_00701,6.1
TRIP_00702,41.5
TRIP_00703,62.8
TRIP_00704,14.6
TRIP_00705,90.8
TRIP_00706,11.9
TRIP_00707,7.4
TRIP_00708,21.2
TRIP_00709,5.1
TRIP_00710,12.3
TRIP_00711,46.9
TRIP_00712,33.4
TRIP_00713,42.1
TRIP_00714,7.9
TRIP_00715,50.3
TRIP_00716,32.9
TRIP_00717,9.5
TRIP_00718,21.0
TRIP_00719,8.8
TRIP_00720,73.0
TRIP_00721,13.2
TRIP_00722,36.2
TRIP_00723,74.3
TRIP_00724,27.5
TRIP_00725,10.7
TRIP_00726,34.9
TRIP_00727,19.7
TRIP_00728,39.0
TRIP_00729,60.3
TRIP_00730,22.3
TRIP_00731,105.4
TRIP_00732,11.1
TRIP_00733,10.8
TRIP_00734,71.6
TRIP_00735,50.5
TRIP_00736,24.8
TRIP_00737,45.0
TRIP_00738,34.7
TRIP_00739,79.6
TRIP_00740,59.4
TRIP_00741,25.4
TRIP_00742,47.8
TRIP_00743,29.4
TRIP_00744,28.1
TRIP_00745,69.5
TRIP_00746,91.3
TRIP_00747,45.0
TRIP_00748,87.0
TRIP_00749,19.7
TRIP_00750,23.3
TRIP_00751,50.1
TRIP_00752,18.2
TRIP_00753,64.7
TRIP_00754,80.1
TRIP_00755,21.3
TRIP_00756,71.3
TRIP_00757,21.4
TRIP_00758,27.9
TRIP_00759,55.3
TRIP_00760,99.2
TRIP_00761,81.9
TRIP_00762,42.8
TRIP_00763,123.2
TRIP_00764,56.2
TRIP_00765,44.8
TRIP_00766,36.2
TRIP_00767,20.1
TRIP_00768,34.7
TRIP_00769,39.6
TRIP_00770,53.8
TRIP_00771,24.1
TRIP_00772,44.0
TRIP_00773,58.1
TRIP_00774,54.4
TRIP_00775,26.3
TRIP_00776,45.3
TRIP_00777,37.0
TRIP_00778,51.4
TRIP_00779,22.0
TRIP_00780,78.1
TRIP_00781,18.4
TRIP_00782,9.5
TRIP_00783,136.6
TRIP_00784,16.0
TRIP_00785,154.3
TRIP_00786,18.9
TRIP_00787,17.2
TRIP_00788,39.5
TRIP_00789,30.6
TRIP_00790,24.5
TRIP_00791,47.7
TRIP_00792,26.5
TRIP_00793,20.8
TRIP_00794,75.0
TRIP_00795,59.4
TRIP_00796,22.2
TRIP_00797,51.0
TRIP_00798,35.9
TRIP_00799,67.0
TRIP_00800,28.9
TRIP_00801,71.0
TRIP_00802,21.2
TRIP_00803,18.3
TRIP_00804,16.6
TRIP_00805,28.3
TRIP_00806,38.8
TRIP_00807,36.9
TRIP_00808,15.7
TRIP_00809,23.0
TRIP_00810,32.8
TRIP_00811,53.3
TRIP_00812,81.8
TRIP_00813,22.2
TRIP_00814,20.4
TRIP_00815,34.6
TRIP_00816,44.1
TRIP_00817,53.6
TRIP_00818,5.4
TRIP_00819,29.8
TRIP_00820,129.4
TRIP_00821,11.5
TRIP_00822,54.3
TRIP_00823,15.3
TRIP_00824,34.8
TRIP_00825,13.5
TRIP_00826,24.4
TRIP_00827,15.8
TRIP_00828,14.7
TRIP_00829,16.9
TRIP_00830,6.7
TRIP_00831,10.3
TRIP_00832,51.3
TRIP_00833,113.3
TRIP_00834,27.5
TRIP_00835,23.9
TRIP_00836,26.4
TRIP_00837,5.5
TRIP_00838,53.3
TRIP_00839,16.3
TRIP_00840,3.5
TRIP_00841,29.1
TRIP_00842,23.6
TRIP_00843,24.0
TRIP_00844,22.5
TRIP_00845,13.7
TRIP_00846,22.0
TRIP_00847,70.9
TRIP_00848,86.7
TRIP_00849,27.9
TRIP_00850,12.6
TRIP_00851,34.9
TRIP_00852,76.2
TRIP_00853,17.6
TRIP_00854,12.4
TRIP_00855,71.1
TRIP_00856,19.7
TRIP_00857,9.5
TRIP_00858,42.8
TRIP_00859,34.8
TRIP_00860,42.4
TRIP_00861,15.5
TRIP_00862,17.4
TRIP_00863,25.9
TRIP_00864,45.6
TRIP_00865,61.7
TRIP_00866,13.0
TRIP_00867,24.6
TRIP_00868,26.5
TRIP_00869,11.1
TRIP_00870,13.6
TRIP_00871,34.9
TRIP_00872,11.4
TRIP_00873,28.6
TRIP_00874,12.6
TRIP_00875,41.7
TRIP_00876,20.5
TRIP_00877,39.0
TRIP_00878,21.7
TRIP_00879,48.7
TRIP_00880,17.8
TRIP_00881,88.4
TRIP_00882,42.8
TRIP_00883,68.5
TRIP_00884,19.1
TRIP_00885,67.9
TRIP_00886,58.8
TRIP_00887,45.0
TRIP_00888,10.9
TRIP_00889,20.4
TRIP_00890,121.0
TRIP_00891,28.4
TRIP_00892,32.3
TRIP_00893,16.5
TRIP_00894,10.7
TRIP_00895,21.8
TRIP_00896,18.8
TRIP_00897,129.0
TRIP_00898,55.3
TRIP_00899,131.3
TRIP_00900,44.1
TRIP_00901,30.0
TRIP_00902,9.2
TRIP_00903,16.2
TRIP_00904,20.9
TRIP_00905,23.3
TRIP_00906,148.8
TRIP_00907,79.3
TRIP_00908,14.0
TRIP_00909,27.6
TRIP_00910,18.6
TRIP_00911,148.2
TRIP_00912,54.1
TRIP_00913,52.9
TRIP_00914,35.4
TRIP_00915,34.0
TRIP_00916,17.7
TRIP_00917,74.7
TRIP_00918,132.3
TRIP_00919,34.9
TRIP_00920,53.1
TRIP_00921,43.5
TRIP_00922,17.9
TRIP_00923,15.2
TRIP_00924,59.0
TRIP_00925,60.9
TRIP_00926,49.0
TRIP_00927,44.6
TRIP_00928,40.9
TRIP_00929,9.3
TRIP_00930,41.6
TRIP_00931,11.3
TRIP_00932,37.0
TRIP_00933,32.9
TRIP_00934,39.8
TRIP_00935,28.5
TRIP_00936,7.7
TRIP_00937,18.5
TRIP_00938,24.3
TRIP_00939,85.4
TRIP_00940,110.5
TRIP_00941,146.8
TRIP_00942,44.7
TRIP_00943,15.2
TRIP_00944,96.2
TRIP_00945,83.1
TRIP_00946,73.0
TRIP_00947,21.4
TRIP_00948,18.3
TRIP_00949,13.2
TRIP_00950,38.4
TRIP_00951,20.1
TRIP_00952,114.0
TRIP_00953,14.2
TRIP_00954,12.0
TRIP_00955,44.8
TRIP_00956,98.7
TRIP_00957,86.7
TRIP_00958,31.3
TRIP_00959,37.0
TRIP_00960,45.3
TRIP_00961,19.9
TRIP_00962,34.9
TRIP_00963,39.6
TRIP_00964,37.7
TRIP_00965,33.8
TRIP_00966,28.2
TRIP_00967,9.8
TRIP_00968,13.8
TRIP_00969,12.2
TRIP_00970,21.2
TRIP_00971,21.3
TRIP_00972,22.5
TRIP_00973,42.2
TRIP_00974,24.9
TRIP_00975,64.7
TRIP_00976,84.9
TRIP_00977,29.5
TRIP_00978,61.1
TRIP_00979,28.8
TRIP_00980,14.6
TRIP_00981,12.0
TRIP_00982,5.1
TRIP_00983,42.4
TRIP_00984,11.7
TRIP_00985,19.9
TRIP_00986,16.8
TRIP_00987,90.3
TRIP_00988,26.0
TRIP_00989,23.7
TRIP_00990,14.4
TRIP_00991,58.5
TRIP_00992,31.0
TRIP_00993,43.0
TRIP_00994,12.9
TRIP_00995,15.4
TRIP_00996,65.5
TRIP_00997,129.6
TRIP_00998,9.7
TRIP_00999,19.0
TRIP_01000,3.1
TRIP_01001,22.4
TRIP_01002,84.8
TRIP_01003,88.5
TRIP_01004,21.6
TRIP_01005,35.2
TRIP_01006,16.9
TRIP_01007,70.3
TRIP_01008,30.2
TRIP_01009,10.7
TRIP_01010,16.0
TRIP_01011,37.0
TRIP_01012,55.3
TRIP_01013,110.9
TRIP_01014,21.0
TRIP_01015,85.6
TRIP_01016,29.2
TRIP_01017,14.0
TRIP_01018,31.8
TRIP_01019,7.6
TRIP_01020,227.4
TRIP_01021,17.3
TRIP_01022,20.9
TRIP_01023,39.8
TRIP_01024,46.1
TRIP_01025,90.6
TRIP_01026,26.8
TRIP_01027,37.0
TRIP_01028,114.2
TRIP_01029,29.3
TRIP_01030,60.1
TRIP_01031,16.2
TRIP_01032,70.0
TRIP_01033,75.6
TRIP_01034,10.4
TRIP_01035,12.2
TRIP_01036,80.9
TRIP_01037,13.4
TRIP_01038,9.0
TRIP_01039,66.6
TRIP_01040,23.0
TRIP_01041,15.2
TRIP_01042,15.4
TRIP_01043,26.2
TRIP_01044,54.5
TRIP_01045,17.9
TRIP_01046,80.5
TRIP_01047,26.4
TRIP_01048,43.9
TRIP_01049,63.7
TRIP_01050,39.4
TRIP_01051,14.4
TRIP_01052,9.1
TRIP_01053,44.6
TRIP_01054,69.4
TRIP_01055,59.5
TRIP_01056,84.6
TRIP_01057,65.0
TRIP_01058,22.7
TRIP_01059,28.2
TRIP_01060,25.5
TRIP_01061,28.1
TRIP_01062,85.9
TRIP_01063,78.3
TRIP_01064,33.1
TRIP_01065,24.1
TRIP_01066,33.1
TRIP_01067,20.3
TRIP_01068,37.3
TRIP_01069,15.2
TRIP_01070,59.9
TRIP_01071,10.6
TRIP_01072,27.6
TRIP_01073,19.8
TRIP_01074,30.1
TRIP_01075,176.2
TRIP_01076,19.4
TRIP_01077,28.3
TRIP_01078,80.7
TRIP_01079,102.0
TRIP_01080,18.7
TRIP_01081,104.7
TRIP_01082,57.8
TRIP_01083,53.7
TRIP_01084,49.8
TRIP_01085,43.5
TRIP_01086,16.9
TRIP_01087,41.1
TRIP_01088,14.8
TRIP_01089,9.8
TRIP_01090,44.7
TRIP_01091,66.0
TRIP_01092,18.3
TRIP_01093,7.6
TRIP_01094,92.6
TRIP_01095,17.7
TRIP_01096,16.0
TRIP_01097,75.4
TRIP_01098,21.6
TRIP_01099,29.0
TRIP_01100,93.1
TRIP_01101,26.4
TRIP_01102,14.3
TRIP_01103,36.3
TRIP_01104,49.4
TRIP_01105,21.6
TRIP_01106,45.9
TRIP_01107,31.0
TRIP_01108,22.0
TRIP_01109,34.3
TRIP_01110,11.6
TRIP_01111,18.7
TRIP_01112,9.7
TRIP_01113,55.6
TRIP_01114,24.2
TRIP_01115,11.6
TRIP_01116,13.8
TRIP_01117,6.6
TRIP_01118,7.9
TRIP_01119,15.3
TRIP_01120,27.5
TRIP_01121,18.2
TRIP_01122,89.0
TRIP_01123,15.5
TRIP_01124,58.8
TRIP_01125,70.7
TRIP_01126,12.1
TRIP_01127,58.6
TRIP_01128,14.4
TRIP_01129,15.5
TRIP_01130,36.3
TRIP_01131,94.8
TRIP_01132,71.2
TRIP_01133,28.8
TRIP_01134,30.9
TRIP_01135,87.0
TRIP_01136,69.5
TRIP_01137,53.1
TRIP_01138,73.5
TRIP_01139,99.6
TRIP_01140,10.6
TRIP_01141,62.0
TRIP_01142,22.6
TRIP_01143,56.8
TRIP_01144,17.4
TRIP_01145,71.0
TRIP_01146,5.5
TRIP_01147,15.8
TRIP_01148,25.6
TRIP_01149,13.5
TRIP_01150,118.4
TRIP_01151,30.5
TRIP_01152,84.6
TRIP_01153,7.3
TRIP_01154,68.6
TRIP_01155,10.7
TRIP_01156,28.9
TRIP_01157,52.4
TRIP_01158,42.8
TRIP_01159,39.8
TRIP_01160,13.8
TRIP_01161,21.6
TRIP_01162,33.2
TRIP_01163,35.5
TRIP_01164,34.7
TRIP_01165,134.6
TRIP_01166,81.2
TRIP_01167,88.9
TRIP_01168,32.4
TRIP_01169,40.5
TRIP_01170,95.1
TRIP_01171,78.4
TRIP_01172,57.2
TRIP_01173,52.6
TRIP_01174,44.7
TRIP_01175,68.1
TRIP_01176,20.2
TRIP_01177,9.8
TRIP_01178,17.5
TRIP_01179,17.1
TRIP_01180,37.8
TRIP_01181,18.6
TRIP_01182,16.2
TRIP_01183,34.2
TRIP_01184,23.3
TRIP_01185,15.1
TRIP_01186,22.8
TRIP_01187,27.7
TRIP_01188,52.9
TRIP_01189,55.3
TRIP_01190,41.0
TRIP_01191,33.0
TRIP_01192,8.0
TRIP_01193,25.0
TRIP_01194,52.1
TRIP_01195,28.0
TRIP_01196,57.5
TRIP_01197,50.5
TRIP_01198,31.0
TRIP_01199,14.2
TRIP_01200,42.4
TRIP_01201,23.8
TRIP_01202,26.0
TRIP_01203,5.7
TRIP_01204,14.0
TRIP_01205,57.0
TRIP_01206,15.2
TRIP_01207,14.4
TRIP_01208,65.1
TRIP_01209,63.5
TRIP_01210,17.0
TRIP_01211,6.4
TRIP_01212,21.0
TRIP_01213,103.5
TRIP_01214,15.9
TRIP_01215,36.3
TRIP_01216,39.1
TRIP_01217,25.1
TRIP_01218,34.8
TRIP_01219,15.4
TRIP_01220,22.0
TRIP_01221,64.2
TRIP_01222,6.5
TRIP_01223,44.5
TRIP_01224,122.8
TRIP_01225,8.7
TRIP_01226,58.4
TRIP_01227,25.6
TRIP_01228,27.4
TRIP_01229,44.3
TRIP_01230,37.4
TRIP_01231,23.4
TRIP_01232,49.6
TRIP_01233,12.3
TRIP_01234,12.2
TRIP_01235,66.5
TRIP_01236,86.5
TRIP_01237,36.0
TRIP_01238,58.5
TRIP_01239,23.0
TRIP_01240,117.2
TRIP_01241,43.8
TRIP_01242,19.4
TRIP_01243,25.4
TRIP_01244,10.2
TRIP_01245,50.8
TRIP_01246,20.0
TRIP_01247,33.2
TRIP_01248,40.2
TRIP_01249,35.5
TRIP_01250,32.1
TRIP_01251,34.2
TRIP_01252,86.7
TRIP_01253,102.8
TRIP_01254,187.0
TRIP_01255,40.7
TRIP_01256,60.6
TRIP_01257,46.8
TRIP_01258,25.9
TRIP_01259,48.1
TRIP_01260,11.8
TRIP_01261,14.6
TRIP_01262,43.5
TRIP_01263,105.4
TRIP_01264,23.3
TRIP_01265,49.0
TRIP_01266,19.0
TRIP_01267,20.0
TRIP_01268,19.5
TRIP_01269,36.7
TRIP_01270,78.7
TRIP_01271,101.7
TRIP_01272,48.9
TRIP_01273,27.0
TRIP_01274,41.8
TRIP_01275,19.4
TRIP_01276,54.1
TRIP_01277,13.7
TRIP_01278,34.7
TRIP_01279,31.2
TRIP_01280,21.3
TRIP_01281,52.6
TRIP_01282,7.4
TRIP_01283,11.8
TRIP_01284,19.5
TRIP_01285,21.4
TRIP_01286,22.6
TRIP_01287,7.9
TRIP_01288,29.6
TRIP_01289,15.3
TRIP_01290,29.0
TRIP_01291,20.8
TRIP_01292,36.3
TRIP_01293,34.5
TRIP_01294,26.5
TRIP_01295,97.1
TRIP_01296,8.8
TRIP_01297,67.7
TRIP_01298,10.7
TRIP_01299,63.6
TRIP_01300,26.5
TRIP_01301,16.8
TRIP_01302,30.0
TRIP_01303,19.5
TRIP_01304,35.5
TRIP_01305,58.7
TRIP_01306,95.3
TRIP_01307,19.3
TRIP_01308,17.7
TRIP_01309,52.2
TRIP_01310,10.4
TRIP_01311,27.2
TRIP_01312,29.8
TRIP_01313,34.0
TRIP_01314,46.3
TRIP_01315,49.6
TRIP_01316,18.2
TRIP_01317,37.0
TRIP_01318,23.0
TRIP_01319,63.7
TRIP_01320,76.3
TRIP_01321,37.5
TRIP_01322,22.4
TRIP_01323,97.4
TRIP_01324,11.4
TRIP_01325,23.6
TRIP_01326,11.5
TRIP_01327,52.0
TRIP_01328,9.1
TRIP_01329,25.9
TRIP_01330,18.9
TRIP_01331,34.0
TRIP_01332,33.6
TRIP_01333,82.8
TRIP_01334,6.1
TRIP_01335,14.5
TRIP_01336,18.0
TRIP_01337,31.1
TRIP_01338,22.7
TRIP_01339,95.5
TRIP_01340,28.0
TRIP_01341,30.9
TRIP_01342,34.1
TRIP_01343,35.0
TRIP_01344,16.1
TRIP_01345,10.9
TRIP_01346,117.8
TRIP_01347,28.0
TRIP_01348,43.4
TRIP_01349,36.1
TRIP_01350,176.6
TRIP_01351,15.2
TRIP_01352,29.0
TRIP_01353,54.7
TRIP_01354,16.4
TRIP_01355,15.5
TRIP_01356,26.0
TRIP_01357,163.0
TRIP_01358,19.6
TRIP_01359,87.4
TRIP_01360,9.0
TRIP_01361,6.9
TRIP_01362,39.6
TRIP_01363,10.8
TRIP_01364,12.3
TRIP_01365,14.3
TRIP_01366,24.7
TRIP_01367,10.4
TRIP_01368,61.3
TRIP_01369,82.8
TRIP_01370,79.6
TRIP_01371,53.5
TRIP_01372,137.3
TRIP_01373,36.5
TRIP_01374,22.5
TRIP_01375,24.7
TRIP_01376,42.8
TRIP_01377,55.6
TRIP_01378,52.8
TRIP_01379,41.0
TRIP_01380,14.6
TRIP_01381,43.8
TRIP_01382,14.3
TRIP_01383,15.0
TRIP_01384,49.9
TRIP_01385,31.4
TRIP_01386,58.2
TRIP_01387,51.7
TRIP_01388,60.1
TRIP_01389,6.7
TRIP_01390,42.8
TRIP_01391,23.1
TRIP_01392,15.8
TRIP_01393,13.3
TRIP_01394,5.8
TRIP_01395,112.8
TRIP_01396,39.2
TRIP_01397,4.3
TRIP_01398,31.1
TRIP_01399,9.7
TRIP_01400,22.9
TRIP_01401,45.4
TRIP_01402,14.8
TRIP_01403,9.5
TRIP_01404,16.3
TRIP_01405,40.1
TRIP_01406,7.4
TRIP_01407,31.4
TRIP_01408,31.4
TRIP_01409,15.0
TRIP_01410,128.3
TRIP_01411,89.4
TRIP_01412,6.1
TRIP_01413,58.1
TRIP_01414,22.1
TRIP_01415,17.6
TRIP_01416,47.9
TRIP_01417,9.7
TRIP_01418,24.7
TRIP_01419,24.1
TRIP_01420,25.3
TRIP_01421,12.3
TRIP_01422,5.7
TRIP_01423,78.8
TRIP_01424,16.6
TRIP_01425,53.1
TRIP_01426,25.2
TRIP_01427,10.3
TRIP_01428,32.0
TRIP_01429,15.4
TRIP_01430,27.0
TRIP_01431,24.0
TRIP_01432,9.2
TRIP_01433,40.8
TRIP_01434,57.3
TRIP_01435,37.2
TRIP_01436,19.3
TRIP_01437,30.6
TRIP_01438,18.6
TRIP_01439,52.6
TRIP_01440,7.5
TRIP_01441,10.2
TRIP_01442,32.3
TRIP_01443,56.9
TRIP_01444,16.8
TRIP_01445,10.0
TRIP_01446,30.4
TRIP_01447,9.6
TRIP_01448,22.9
TRIP_01449,11.5
TRIP_01450,10.6
TRIP_01451,40.1
TRIP_01452,46.2
TRIP_01453,52.0
TRIP_01454,21.8
TRIP_01455,80.9
TRIP_01456,9.1
TRIP_01457,13.7
TRIP_01458,7.8
TRIP_01459,27.9
TRIP_01460,31.7
TRIP_01461,59.0
TRIP_01462,25.6
TRIP_01463,40.3
TRIP_01464,11.0
TRIP_01465,155.1
TRIP_01466,31.8
TRIP_01467,152.0
TRIP_01468,55.4
TRIP_01469,76.8
TRIP_01470,39.7
TRIP_01471,15.4
TRIP_01472,44.5
TRIP_01473,14.6
TRIP_01474,53.4
TRIP_01475,20.0
TRIP_01476,113.8
TRIP_01477,27.6
TRIP_01478,36.0
TRIP_01479,107.5
TRIP_01480,11.2
TRIP_01481,14.5
TRIP_01482,50.8
TRIP_01483,17.7
TRIP_01484,123.3
TRIP_01485,14.4
TRIP_01486,39.7
TRIP_01487,20.9
TRIP_01488,10.3
TRIP_01489,50.3
TRIP_01490,28.6
TRIP_01491,26.4
TRIP_01492,28.6
TRIP_01493,62.3
TRIP_01494,30.0
TRIP_01495,15.0
TRIP_01496,94.0
TRIP_01497,61.0
TRIP_01498,38.9
TRIP_01499,32.6
TRIP_01500,19.1
TRIP_01501,49.7
TRIP_01502,27.7
TRIP_01503,54.6
TRIP_01504,103.8
TRIP_01505,47.3
TRIP_01506,45.4
TRIP_01507,19.5
TRIP_01508,18.8
TRIP_01509,22.1
TRIP_01510,23.0
TRIP_01511,36.8
TRIP_01512,23.6
TRIP_01513,80.5
TRIP_01514,20.0
TRIP_01515,19.4
TRIP_01516,29.1
TRIP_01517,92.1
TRIP_01518,16.0
TRIP_01519,16.1
TRIP_01520,7.6
TRIP_01521,37.8
TRIP_01522,219.0
TRIP_01523,30.7
TRIP_01524,18.6
TRIP_01525,14.9
TRIP_01526,50.6
TRIP_01527,30.1
TRIP_01528,30.1
TRIP_01529,22.9
TRIP_01530,47.6
TRIP_01531,18.0
TRIP_01532,66.5
TRIP_01533,33.2
TRIP_01534,35.9
TRIP_01535,28.6
TRIP_01536,36.2
TRIP_01537,16.6
TRIP_01538,17.0
TRIP_01539,16.3
TRIP_01540,35.6
TRIP_01541,13.6
TRIP_01542,41.8
TRIP_01543,25.3
TRIP_01544,12.6
TRIP_01545,11.0
TRIP_01546,22.4
TRIP_01547,15.2
TRIP_01548,52.9
TRIP_01549,25.2
TRIP_01550,18.3
TRIP_01551,44.5
TRIP_01552,70.6
TRIP_01553,9.9
TRIP_01554,27.5
TRIP_01555,58.9
TRIP_01556,42.4
TRIP_01557,62.2
TRIP_01558,13.0
TRIP_01559,31.3
TRIP_01560,17.3
TRIP_01561,15.3
TRIP_01562,18.8
TRIP_01563,17.7
TRIP_01564,76.2
TRIP_01565,8.9
TRIP_01566,10.8
TRIP_01567,29.8
TRIP_01568,4.9
TRIP_01569,26.2
TRIP_01570,29.3
TRIP_01571,58.5
TRIP_01572,7.6
TRIP_01573,26.4
TRIP_01574,146.4
TRIP_01575,19.8
TRIP_01576,32.4
TRIP_01577,8.3
TRIP_01578,8.7
TRIP_01579,24.7
TRIP_01580,45.2
TRIP_01581,45.2
TRIP_01582,73.0
TRIP_01583,21.7
TRIP_01584,53.1
TRIP_01585,31.0
TRIP_01586,13.2
TRIP_01587,82.1
TRIP_01588,19.5
TRIP_01589,46.9
TRIP_01590,83.0
TRIP_01591,181.6
TRIP_01592,9.9
TRIP_01593,20.4
TRIP_01594,11.3
TRIP_01595,71.1
TRIP_01596,58.0
TRIP_01597,48.3
TRIP_01598,40.0
TRIP_01599,17.2
TRIP_01600,13.8
TRIP_01601,24.5
TRIP_01602,31.0
TRIP_01603,29.1
TRIP_01604,50.9
TRIP_01605,26.4
TRIP_01606,43.8
TRIP_01607,105.9
TRIP_01608,6.9
TRIP_01609,10.5
TRIP_01610,27.6
TRIP_01611,69.9
TRIP_01612,29.4
TRIP_01613,62.9
TRIP_01614,67.2
TRIP_01615,101.1
TRIP_01616,23.2
TRIP_01617,18.3
TRIP_01618,21.8
TRIP_01619,25.1
TRIP_01620,46.9
TRIP_01621,95.8
TRIP_01622,27.6
TRIP_01623,32.0
TRIP_01624,22.8
TRIP_01625,64.9
TRIP_01626,31.8
TRIP_01627,121.3
TRIP_01628,9.5
TRIP_01629,59.0
TRIP_01630,31.3
TRIP_01631,49.7
TRIP_01632,19.9
TRIP_01633,69.9
TRIP_01634,27.8
TRIP_01635,83.6
TRIP_01636,43.5
TRIP_01637,40.8
TRIP_01638,77.9
TRIP_01639,17.5
TRIP_01640,13.9
TRIP_01641,158.5
TRIP_01642,19.7
TRIP_01643,18.4
TRIP_01644,23.7
TRIP_01645,11.6
TRIP_01646,20.0
TRIP_01647,37.9
TRIP_01648,25.4
TRIP_01649,17.5
TRIP_01650,25.1
TRIP_01651,20.4
TRIP_01652,29.7
TRIP_01653,8.6
TRIP_01654,38.1
TRIP_01655,19.2
TRIP_01656,14.8
TRIP_01657,26.9
TRIP_01658,51.0
TRIP_01659,17.6
TRIP_01660,65.7
TRIP_01661,31.5
TRIP_01662,19.0
TRIP_01663,44.8
TRIP_01664,33.3
TRIP_01665,20.7
TRIP_01666,103.0
TRIP_01667,33.4
TRIP_01668,50.7
TRIP_01669,17.4
TRIP_01670,30.0
TRIP_01671,17.1
TRIP_01672,11.8
TRIP_01673,25.5
TRIP_01674,32.8
TRIP_01675,16.6
TRIP_01676,72.4
TRIP_01677,8.9
TRIP_01678,39.9
TRIP_01679,57.2
TRIP_01680,129.3
TRIP_01681,27.7
TRIP_01682,22.1
TRIP_01683,37.1
TRIP_01684,32.9
TRIP_01685,66.1
TRIP_01686,71.8
TRIP_01687,48.8
TRIP_01688,18.3
TRIP_01689,44.0
TRIP_01690,31.3
TRIP_01691,61.6
TRIP_01692,26.2
TRIP_01693,42.7
TRIP_01694,22.0
TRIP_01695,20.4
TRIP_01696,39.7
TRIP_01697,27.3
TRIP_01698,58.4
TRIP_01699,48.7
TRIP_01700,49.7
TRIP_01701,18.2
TRIP_01702,10.4
TRIP_01703,9.3
TRIP_01704,11.2
TRIP_01705,40.2
TRIP_01706,18.2
TRIP_01707,24.1
TRIP_01708,35.0
TRIP_01709,26.9
TRIP_01710,13.7
TRIP_01711,16.7
TRIP_01712,19.8
TRIP_01713,25.0
TRIP_01714,13.8
TRIP_01715,107.3
TRIP_01716,134.7
TRIP_01717,71.1
TRIP_01718,46.4
TRIP_01719,86.6
TRIP_01720,11.7
TRIP_01721,26.0
TRIP_01722,21.0
TRIP_01723,29.1
TRIP_01724,20.2
TRIP_01725,36.2
TRIP_01726,34.7
TRIP_01727,79.1
TRIP_01728,17.1
TRIP_01729,56.2
TRIP_01730,27.5
TRIP_01731,33.5
TRIP_01732,40.6
TRIP_01733,43.6
TRIP_01734,48.7
TRIP_01735,85.5
TRIP_01736,53.1
TRIP_01737,18.4
TRIP_01738,114.5
TRIP_01739,46.9
TRIP_01740,93.3
TRIP_01741,28.2
TRIP_01742,56.1
TRIP_01743,42.6
TRIP_01744,31.8
TRIP_01745,38.5
TRIP_01746,34.1
TRIP_01747,18.4
TRIP_01748,72.3
TRIP_01749,7.6
TRIP_01750,66.6
TRIP_01751,36.3
TRIP_01752,85.6
TRIP_01753,35.9
TRIP_01754,7.8
TRIP_01755,21.3
TRIP_01756,63.6
TRIP_01757,11.3
TRIP_01758,43.2
TRIP_01759,23.6
TRIP_01760,57.7
TRIP_01761,11.4
TRIP_01762,47.0
TRIP_01763,68.0
TRIP_01764,78.3
TRIP_01765,19.5
TRIP_01766,32.1
TRIP_01767,26.7
TRIP_01768,15.4
TRIP_01769,58.8
TRIP_01770,11.4
TRIP_01771,14.9
TRIP_01772,85.4
TRIP_01773,38.1
TRIP_01774,21.0
TRIP_01775,219.7
TRIP_01776,11.7
TRIP_01777,59.9
TRIP_01778,22.4
TRIP_01779,22.1
TRIP_01780,25.4
TRIP_01781,17.2
TRIP_01782,94.2
TRIP_01783,33.7
TRIP_01784,45.5
TRIP_01785,133.7
TRIP_01786,34.7
TRIP_01787,24.1
TRIP_01788,16.5
TRIP_01789,57.1
TRIP_01790,17.1
TRIP_01791,15.1
TRIP_01792,75.8
TRIP_01793,17.7
TRIP_01794,19.3
TRIP_01795,4.4
TRIP_01796,129.9
TRIP_01797,27.1
TRIP_01798,53.5
TRIP_01799,21.5
TRIP_01800,120.1
TRIP_01801,23.9
TRIP_01802,38.7
TRIP_01803,35.4
TRIP_01804,49.6
TRIP_01805,130.3
TRIP_01806,26.1
TRIP_01807,39.2
TRIP_01808,122.0
TRIP_01809,73.1
TRIP_01810,43.4
TRIP_01811,109.3
TRIP_01812,37.4
TRIP_01813,42.0
TRIP_01814,9.5
TRIP_01815,8.0
TRIP_01816,41.9
TRIP_01817,32.4
TRIP_01818,31.1
TRIP_01819,51.0
TRIP_01820,41.1
TRIP_01821,63.6
TRIP_01822,17.8
TRIP_01823,95.8
TRIP_01824,24.5
TRIP_01825,36.2
TRIP_01826,13.6
TRIP_01827,12.4
TRIP_01828,9.2
TRIP_01829,34.6
TRIP_01830,37.0
TRIP_01831,11.7
TRIP_01832,26.5
TRIP_01833,36.6
TRIP_01834,157.0
TRIP_01835,9.3
TRIP_01836,75.4
TRIP_01837,22.8
TRIP_01838,133.5
TRIP_01839,19.7
TRIP_01840,3.7
TRIP_01841,60.8
TRIP_01842,19.7
TRIP_01843,11.9
TRIP_01844,88.6
TRIP_01845,11.2
TRIP_01846,18.8
TRIP_01847,37.3
TRIP_01848,118.8
TRIP_01849,27.1
TRIP_01850,171.1
TRIP_01851,6.6
TRIP_01852,76.9
TRIP_01853,27.9
TRIP_01854,36.1
TRIP_01855,22.9
TRIP_01856,83.5
TRIP_01857,132.1
TRIP_01858,57.0
TRIP_01859,26.4
TRIP_01860,11.1
TRIP_01861,74.2
TRIP_01862,22.8
TRIP_01863,53.2
TRIP_01864,33.8
TRIP_01865,14.8
TRIP_01866,27.5
TRIP_01867,42.8
TRIP_01868,11.2
TRIP_01869,81.5
TRIP_01870,6.4
TRIP_01871,17.3
TRIP_01872,23.3
TRIP_01873,23.0
TRIP_01874,87.2
TRIP_01875,33.8
TRIP_01876,26.6
TRIP_01877,11.2
TRIP_01878,31.4
TRIP_01879,21.4
TRIP_01880,19.1
TRIP_01881,7.4
TRIP_01882,24.3
TRIP_01883,17.6
TRIP_01884,16.2
TRIP_01885,31.2
TRIP_01886,12.2
TRIP_01887,21.0
TRIP_01888,24.8
TRIP_01889,21.6
TRIP_01890,16.3
TRIP_01891,75.1
TRIP_01892,16.7
TRIP_01893,83.3
TRIP_01894,13.7
TRIP_01895,23.7
TRIP_01896,111.5
TRIP_01897,62.9
TRIP_01898,17.1
TRIP_01899,47.3
TRIP_01900,28.5
TRIP_01901,59.9
TRIP_01902,283.6
TRIP_01903,173.6
TRIP_01904,27.4
TRIP_01905,63.0
TRIP_01906,138.1
TRIP_01907,11.3
TRIP_01908,42.6
TRIP_01909,4.6
TRIP_01910,48.2
TRIP_01911,103.9
TRIP_01912,10.6
TRIP_01913,32.5
TRIP_01914,18.1
TRIP_01915,8.5
TRIP_01916,66.4
TRIP_01917,35.9
TRIP_01918,5.7
TRIP_01919,22.4
TRIP_01920,40.9
TRIP_01921,73.1
TRIP_01922,18.6
TRIP_01923,30.1
TRIP_01924,4.2
TRIP_01925,20.0
TRIP_01926,79.6
TRIP_01927,53.9
TRIP_01928,46.3
TRIP_01929,19.4
TRIP_01930,14.5
TRIP_01931,37.5
TRIP_01932,31.1
TRIP_01933,37.6
TRIP_01934,81.2
TRIP_01935,30.1
TRIP_01936,5.8
TRIP_01937,22.1
TRIP_01938,30.8
TRIP_01939,98.9
TRIP_01940,11.0
TRIP_01941,102.7
TRIP_01942,91.7
TRIP_01943,47.4
TRIP_01944,42.9
TRIP_01945,22.2
TRIP_01946,59.0
TRIP_01947,29.3
TRIP_01948,39.3
TRIP_01949,16.2
TRIP_01950,14.7
TRIP_01951,73.4
TRIP_01952,65.3
TRIP_01953,16.7
TRIP_01954,22.4
TRIP_01955,40.8
TRIP_01956,33.5
TRIP_01957,29.8
TRIP_01958,9.3
TRIP_01959,16.3
TRIP_01960,14.2
TRIP_01961,12.1
TRIP_01962,13.0
TRIP_01963,25.7
TRIP_01964,53.5
TRIP_01965,54.2
TRIP_01966,19.7
TRIP_01967,63.4
TRIP_01968,39.0
TRIP_01969,17.9
TRIP_01970,68.2
TRIP_01971,38.6
TRIP_01972,27.2
TRIP_01973,14.2
TRIP_01974,75.5
TRIP_01975,3.2
TRIP_01976,24.1
TRIP_01977,45.6
TRIP_01978,75.7
TRIP_01979,79.6
TRIP_01980,49.3
TRIP_01981,23.6
TRIP_01982,9.0
TRIP_01983,104.2
TRIP_01984,82.1
TRIP_01985,22.0
TRIP_01986,71.6
TRIP_01987,41.7
TRIP_01988,85.3
TRIP_01989,44.3
TRIP_01990,18.7
TRIP_01991,32.6
TRIP_01992,31.8
TRIP_01993,65.0
TRIP_01994,34.2
TRIP_01995,27.1
TRIP_01996,34.9
TRIP_01997,5.7
TRIP_01998,52.5
TRIP_01999,25.8
TRIP_02000,9.3
TRIP_02001,77.9
TRIP_02002,126.7
TRIP_02003,9.5
TRIP_02004,30.9
TRIP_02005,27.4
TRIP_02006,20.5
TRIP_02007,49.9
TRIP_02008,6.5
TRIP_02009,138.0
TRIP_02010,55.3
TRIP_02011,16.2
TRIP_02012,11.3
TRIP_02013,13.0
TRIP_02014,9.2
TRIP_02015,98.3
TRIP_02016,12.8
TRIP_02017,36.1
TRIP_02018,116.5
TRIP_02019,53.1
TRIP_02020,99.5
TRIP_02021,32.9
TRIP_02022,132.6
TRIP_02023,16.8
TRIP_02024,33.0
TRIP_02025,65.5
TRIP_02026,29.8
TRIP_02027,26.5
TRIP_02028,93.0
TRIP_02029,7.0
TRIP_02030,15.0
TRIP_02031,20.8
TRIP_02032,25.4
TRIP_02033,54.9
TRIP_02034,12.7
TRIP_02035,44.5
TRIP_02036,21.3
TRIP_02037,155.7
TRIP_02038,94.6
TRIP_02039,13.5
TRIP_02040,46.7
TRIP_02041,46.2
TRIP_02042,34.7
TRIP_02043,108.2
TRIP_02044,24.6
TRIP_02045,53.7
TRIP_02046,78.1
TRIP_02047,28.0
TRIP_02048,57.9
TRIP_02049,27.2
TRIP_02050,12.2
TRIP_02051,85.9
TRIP_02052,45.0
TRIP_02053,12.8
TRIP_02054,17.1
TRIP_02055,51.1
TRIP_02056,25.2
TRIP_02057,82.7
TRIP_02058,8.7
TRIP_02059,37.1
TRIP_02060,10.5
TRIP_02061,9.9
TRIP_02062,71.4
TRIP_02063,13.1
TRIP_02064,101.3
TRIP_02065,22.7
TRIP_02066,14.5
TRIP_02067,15.7
TRIP_02068,51.8
TRIP_02069,110.1
TRIP_02070,13.0
TRIP_02071,24.9
TRIP_02072,36.8
TRIP_02073,27.3
TRIP_02074,24.1
TRIP_02075,30.5
TRIP_02076,26.8
TRIP_02077,38.4
TRIP_02078,21.4
TRIP_02079,25.5
TRIP_02080,27.9
TRIP_02081,54.1
TRIP_02082,26.0
TRIP_02083,80.3
TRIP_02084,71.3
TRIP_02085,104.4
TRIP_02086,121.2
TRIP_02087,55.7
TRIP_02088,37.4
TRIP_02089,15.0
TRIP_02090,22.1
TRIP_02091,54.8
TRIP_02092,12.0
TRIP_02093,48.7
TRIP_02094,11.4
TRIP_02095,8.4
TRIP_02096,96.3
TRIP_02097,6.6
TRIP_02098,41.5
TRIP_02099,27.7
TRIP_02100,9.1
TRIP_02101,56.8
TRIP_02102,29.0
TRIP_02103,19.1
TRIP_02104,42.2
TRIP_02105,23.2
TRIP_02106,19.4
TRIP_02107,29.3
TRIP_02108,10.1
TRIP_02109,17.3
TRIP_02110,12.2
TRIP_02111,25.4
TRIP_02112,41.2
TRIP_02113,39.0
TRIP_02114,109.4
TRIP_02115,26.4
TRIP_02116,32.0
TRIP_02117,57.5
TRIP_02118,16.2
TRIP_02119,41.5
TRIP_02120,17.3
TRIP_02121,24.5
TRIP_02122,21.0
TRIP_02123,14.9
TRIP_02124,20.8
TRIP_02125,51.5
TRIP_02126,21.1
TRIP_02127,23.7
TRIP_02128,42.3
TRIP_02129,18.3
TRIP_02130,25.0
TRIP_02131,58.8
TRIP_02132,13.8
TRIP_02133,35.4
TRIP_02134,34.3
TRIP_02135,37.8
TRIP_02136,36.7
TRIP_02137,62.8
TRIP_02138,16.2
TRIP_02139,28.4
TRIP_02140,72.8
TRIP_02141,166.0
TRIP_02142,52.4
TRIP_02143,9.5
TRIP_02144,43.4
TRIP_02145,32.0
TRIP_02146,37.2
TRIP_02147,50.1
TRIP_02148,44.8
TRIP_02149,12.7
TRIP_02150,37.2
TRIP_02151,14.0
TRIP_02152,10.0
TRIP_02153,62.3
TRIP_02154,34.5
TRIP_02155,3.8
TRIP_02156,47.9
TRIP_02157,51.4
TRIP_02158,26.8
TRIP_02159,58.6
TRIP_02160,14.2
TRIP_02161,45.2
TRIP_02162,16.1
TRIP_02163,50.5
TRIP_02164,39.6
TRIP_02165,27.4
TRIP_02166,78.8
TRIP_02167,36.9
TRIP_02168,53.2
TRIP_02169,37.2
TRIP_02170,14.3
TRIP_02171,22.3
TRIP_02172,13.6
TRIP_02173,50.4
TRIP_02174,3.3
TRIP_02175,43.1
TRIP_02176,37.3
TRIP_02177,52.0
TRIP_02178,75.7
TRIP_02179,36.9
TRIP_02180,24.0
TRIP_02181,122.7
TRIP_02182,30.1
TRIP_02183,17.7
TRIP_02184,10.0
TRIP_02185,64.6
TRIP_02186,116.1
TRIP_02187,49.5
TRIP_02188,19.2
TRIP_02189,10.9
TRIP_02190,39.5
TRIP_02191,62.7
TRIP_02192,11.6
TRIP_02193,13.1
TRIP_02194,33.4
TRIP_02195,19.8
TRIP_02196,65.5
TRIP_02197,23.5
TRIP_02198,18.7
TRIP_02199,139.0
TRIP_02200,48.0
TRIP_02201,108.0
TRIP_02202,32.4
TRIP_02203,11.0
TRIP_02204,48.9
TRIP_02205,26.1
TRIP_02206,20.2
TRIP_02207,24.1
TRIP_02208,22.4
TRIP_02209,58.3
TRIP_02210,36.4
TRIP_02211,10.1
TRIP_02212,31.5
TRIP_02213,21.3
TRIP_02214,123.6
TRIP_02215,5.2
TRIP_02216,4.6
TRIP_02217,41.4
TRIP_02218,56.8
TRIP_02219,39.7
TRIP_02220,28.4
TRIP_02221,30.0
TRIP_02222,18.9
TRIP_02223,50.4
TRIP_02224,35.4
TRIP_02225,93.6
TRIP_02226,16.3
TRIP_02227,27.3
TRIP_02228,31.0
TRIP_02229,8.4
TRIP_02230,27.0
TRIP_02231,13.4
TRIP_02232,39.7
TRIP_02233,89.6
TRIP_02234,64.6
TRIP_02235,33.1
TRIP_02236,30.8
TRIP_02237,17.3
TRIP_02238,175.0
TRIP_02239,29.2
TRIP_02240,18.9
TRIP_02241,18.1
TRIP_02242,23.2
TRIP_02243,99.5
TRIP_02244,161.9
TRIP_02245,26.8
TRIP_02246,23.8
TRIP_02247,11.6
TRIP_02248,22.2
TRIP_02249,63.0
TRIP_02250,57.3
TRIP_02251,21.0
TRIP_02252,14.7
TRIP_02253,32.9
TRIP_02254,19.7
TRIP_02255,29.7
TRIP_02256,34.6
TRIP_02257,32.6
TRIP_02258,87.5
TRIP_02259,21.7
TRIP_02260,29.4
TRIP_02261,68.0
TRIP_02262,12.5
TRIP_02263,80.5
TRIP_02264,30.6
TRIP_02265,8.1
TRIP_02266,91.7
TRIP_02267,3.4
TRIP_02268,87.9
TRIP_02269,16.8
TRIP_02270,25.9
TRIP_02271,16.5
TRIP_02272,54.8
TRIP_02273,64.1
TRIP_02274,30.8
TRIP_02275,18.3
TRIP_02276,21.9
TRIP_02277,82.1
TRIP_02278,77.8
TRIP_02279,89.3
TRIP_02280,78.2
TRIP_02281,45.4
TRIP_02282,121.9
TRIP_02283,32.3
TRIP_02284,70.6
TRIP_02285,21.1
TRIP_02286,13.5
TRIP_02287,8.3
TRIP_02288,133.0
TRIP_02289,56.6
TRIP_02290,63.2
TRIP_02291,22.5
TRIP_02292,29.9
TRIP_02293,131.0
TRIP_02294,17.0
TRIP_02295,10.7
TRIP_02296,103.4
TRIP_02297,2.1
TRIP_02298,21.3
TRIP_02299,11.3
TRIP_02300,48.1
TRIP_02301,66.7
TRIP_02302,32.2
TRIP_02303,60.4
TRIP_02304,138.5
TRIP_02305,80.9
TRIP_02306,13.3
TRIP_02307,60.0
TRIP_02308,14.7
TRIP_02309,41.3
TRIP_02310,55.9
TRIP_02311,59.3
TRIP_02312,25.2
TRIP_02313,52.3
TRIP_02314,35.6
TRIP_02315,36.1
TRIP_02316,30.8
TRIP_02317,66.4
TRIP_02318,28.2
TRIP_02319,29.7
TRIP_02320,33.7
TRIP_02321,16.8
TRIP_02322,8.8
TRIP_02323,69.9
TRIP_02324,15.2
TRIP_02325,39.2
TRIP_02326,89.1
TRIP_02327,35.0
TRIP_02328,19.7
TRIP_02329,8.7
TRIP_02330,13.9
TRIP_02331,37.4
TRIP_02332,19.5
TRIP_02333,52.8
TRIP_02334,97.8
TRIP_02335,15.9
TRIP_02336,16.4
TRIP_02337,37.1
TRIP_02338,4.9
TRIP_02339,63.6
TRIP_02340,11.4
TRIP_02341,25.4
TRIP_02342,59.2
TRIP_02343,48.7
TRIP_02344,38.1
TRIP_02345,27.0
TRIP_02346,52.3
TRIP_02347,26.4
TRIP_02348,14.3
TRIP_02349,30.7
TRIP_02350,4.2
TRIP_02351,22.2
TRIP_02352,14.9
TRIP_02353,30.5
TRIP_02354,25.9
TRIP_02355,40.1
TRIP_02356,45.7
TRIP_02357,30.2
TRIP_02358,74.1
TRIP_02359,34.8
TRIP_02360,41.3
TRIP_02361,44.0
TRIP_02362,16.7
TRIP_02363,20.1
TRIP_02364,44.5
TRIP_02365,113.9
TRIP_02366,18.5
TRIP_02367,16.5
TRIP_02368,52.0
TRIP_02369,102.1
TRIP_02370,33.0
TRIP_02371,38.4
TRIP_02372,58.7
TRIP_02373,70.7
TRIP_02374,89.2
TRIP_02375,43.5
TRIP_02376,39.1
TRIP_02377,11.5
TRIP_02378,50.6
TRIP_02379,21.7
TRIP_02380,30.3
TRIP_02381,14.8
TRIP_02382,59.9
TRIP_02383,15.5
TRIP_02384,33.6
TRIP_02385,53.2
TRIP_02386,26.1
TRIP_02387,113.1
TRIP_02388,10.5
TRIP_02389,34.7
TRIP_02390,36.5
TRIP_02391,50.9
TRIP_02392,41.9
TRIP_02393,45.6
TRIP_02394,11.1
TRIP_02395,18.1
TRIP_02396,129.2
TRIP_02397,27.5
TRIP_02398,15.7
TRIP_02399,25.1
TRIP_02400,28.0
TRIP_02401,45.4
TRIP_02402,92.2
TRIP_02403,57.9
TRIP_02404,30.6
TRIP_02405,16.5
TRIP_02406,78.9
TRIP_02407,31.2
TRIP_02408,14.6
TRIP_02409,11.3
TRIP_02410,10.9
TRIP_02411,28.8
TRIP_02412,19.3
TRIP_02413,12.9
TRIP_02414,24.7
TRIP_02415,16.9
TRIP_02416,56.9
TRIP_02417,86.2
TRIP_02418,41.9
TRIP_02419,81.6
TRIP_02420,56.6
TRIP_02421,59.5
TRIP_02422,51.4
TRIP_02423,7.3
TRIP_02424,43.6
TRIP_02425,42.5
TRIP_02426,56.1
TRIP_02427,63.6
TRIP_02428,63.9
TRIP_02429,47.3
TRIP_02430,56.5
TRIP_02431,22.8
TRIP_02432,14.2
TRIP_02433,32.5
TRIP_02434,40.1
TRIP_02435,106.1
TRIP_02436,19.7
TRIP_02437,29.0
TRIP_02438,18.9
TRIP_02439,25.0
TRIP_02440,71.1
TRIP_02441,9.2
TRIP_02442,53.0
TRIP_02443,34.5
TRIP_02444,12.4
TRIP_02445,47.9
TRIP_02446,28.5
TRIP_02447,50.0
TRIP_02448,46.7
TRIP_02449,97.9
TRIP_02450,25.7
TRIP_02451,48.0
TRIP_02452,25.2
TRIP_02453,39.9
TRIP_02454,12.2
TRIP_02455,34.3
TRIP_02456,31.6
TRIP_02457,24.0
TRIP_02458,25.6
TRIP_02459,48.3
TRIP_02460,20.9
TRIP_02461,51.6
TRIP_02462,42.1
TRIP_02463,104.2
TRIP_02464,124.2
TRIP_02465,53.8
TRIP_02466,21.4
TRIP_02467,53.5
TRIP_02468,21.9
TRIP_02469,32.3
TRIP_02470,21.0
TRIP_02471,28.9
TRIP_02472,37.0
TRIP_02473,36.0
TRIP_02474,11.5
TRIP_02475,149.5
TRIP_02476,28.2
TRIP_02477,38.4
TRIP_02478,20.9
TRIP_02479,23.9
TRIP_02480,71.3
TRIP_02481,6.3
TRIP_02482,19.9
TRIP_02483,63.5
TRIP_02484,34.5
TRIP_02485,12.7
TRIP_02486,71.2
TRIP_02487,18.0
TRIP_02488,115.9
TRIP_02489,10.1
TRIP_02490,22.4
TRIP_02491,32.1
TRIP_02492,37.1
TRIP_02493,36.6
TRIP_02494,25.4
TRIP_02495,3.7
TRIP_02496,13.8
TRIP_02497,36.8
TRIP_02498,203.0
TRIP_02499,15.1
TRIP_02500,16.5
TRIP_02501,53.2
TRIP_02502,101.7
TRIP_02503,13.8
TRIP_02504,34.2
TRIP_02505,20.2
TRIP_02506,38.2
TRIP_02507,15.1
TRIP_02508,40.8
TRIP_02509,15.1
TRIP_02510,20.5
TRIP_02511,56.5
TRIP_02512,33.3
TRIP_02513,9.2
TRIP_02514,16.2
TRIP_02515,17.1
TRIP_02516,30.4
TRIP_02517,19.7
TRIP_02518,98.4
TRIP_02519,76.3
TRIP_02520,16.8
TRIP_02521,18.9
TRIP_02522,70.0
TRIP_02523,25.1
TRIP_02524,82.1
TRIP_02525,18.3
TRIP_02526,27.8
TRIP_02527,6.8
TRIP_02528,27.7
TRIP_02529,23.2
TRIP_02530,11.8
TRIP_02531,3.7
TRIP_02532,9.6
TRIP_02533,24.6
TRIP_02534,25.5
TRIP_02535,26.1
TRIP_02536,15.4
TRIP_02537,53.8
TRIP_02538,51.5
TRIP_02539,14.6
TRIP_02540,26.5
TRIP_02541,64.3
TRIP_02542,17.0
TRIP_02543,17.7
TRIP_02544,20.1
TRIP_02545,20.0
TRIP_02546,44.0
TRIP_02547,9.6
TRIP_02548,60.7
TRIP_02549,76.2
TRIP_02550,36.9
TRIP_02551,22.0
TRIP_02552,14.1
TRIP_02553,31.8
TRIP_02554,29.0
TRIP_02555,50.3
TRIP_02556,43.0
TRIP_02557,31.0
TRIP_02558,21.2
TRIP_02559,37.4
TRIP_02560,32.5
TRIP_02561,6.0
TRIP_02562,39.8
TRIP_02563,51.1
TRIP_02564,58.5
TRIP_02565,81.3
TRIP_02566,71.3
TRIP_02567,15.5
TRIP_02568,89.0
TRIP_02569,18.3
TRIP_02570,58.5
TRIP_02571,35.7
TRIP_02572,28.0
TRIP_02573,38.7
TRIP_02574,7.7
TRIP_02575,40.8
TRIP_02576,59.9
TRIP_02577,46.1
TRIP_02578,79.0
TRIP_02579,91.0
TRIP_02580,20.7
TRIP_02581,10.0
TRIP_02582,16.1
TRIP_02583,75.5
TRIP_02584,51.9
TRIP_02585,10.6
TRIP_02586,34.6
TRIP_02587,81.7
TRIP_02588,11.4
TRIP_02589,27.7
TRIP_02590,69.0
TRIP_02591,21.9
TRIP_02592,21.5
TRIP_02593,21.2
TRIP_02594,15.5
TRIP_02595,145.3
TRIP_02596,56.4
TRIP_02597,15.7
TRIP_02598,28.1
TRIP_02599,31.7
TRIP_02600,55.2
TRIP_02601,15.8
TRIP_02602,11.8
TRIP_02603,19.5
TRIP_02604,12.4
TRIP_02605,14.6
TRIP_02606,35.8
TRIP_02607,26.5
TRIP_02608,22.3
TRIP_02609,18.6
TRIP_02610,24.4
TRIP_02611,94.1
TRIP_02612,58.3
TRIP_02613,68.5
TRIP_02614,74.6
TRIP_02615,54.7
TRIP_02616,20.4
TRIP_02617,11.9
TRIP_02618,55.1
TRIP_02619,86.4
TRIP_02620,68.5
TRIP_02621,29.2
TRIP_02622,55.3
TRIP_02623,50.5
TRIP_02624,17.9
TRIP_02625,69.3
TRIP_02626,22.9
TRIP_02627,22.2
TRIP_02628,14.2
TRIP_02629,62.3
TRIP_02630,21.1
TRIP_02631,10.3
TRIP_02632,45.3
TRIP_02633,17.0
TRIP_02634,28.0
TRIP_02635,9.3
TRIP_02636,22.3
TRIP_02637,26.0
TRIP_02638,145.3
TRIP_02639,111.4
TRIP_02640,68.8
TRIP_02641,18.4
TRIP_02642,57.7
TRIP_02643,29.1
TRIP_02644,24.6
TRIP_02645,79.2
TRIP_02646,30.8
TRIP_02647,7.0
TRIP_02648,35.8
TRIP_02649,35.5
TRIP_02650,22.2
TRIP_02651,55.9
TRIP_02652,13.8
TRIP_02653,61.9
TRIP_02654,37.2
TRIP_02655,58.0
TRIP_02656,31.1
TRIP_02657,44.1
TRIP_02658,16.6
TRIP_02659,74.0
TRIP_02660,49.8
TRIP_02661,14.7
TRIP_02662,22.6
TRIP_02663,46.5
TRIP_02664,8.5
TRIP_02665,14.2
TRIP_02666,16.1
TRIP_02667,16.8
TRIP_02668,20.1
TRIP_02669,15.5
TRIP_02670,27.2
TRIP_02671,22.2
TRIP_02672,33.6
TRIP_02673,33.1
TRIP_02674,56.3
TRIP_02675,19.2
TRIP_02676,63.9
TRIP_02677,33.0
TRIP_02678,114.3
TRIP_02679,13.7
TRIP_02680,35.0
TRIP_02681,57.8
TRIP_02682,21.5
TRIP_02683,12.9
TRIP_02684,36.3
TRIP_02685,21.5
TRIP_02686,40.8
TRIP_02687,27.2
TRIP_02688,22.3
TRIP_02689,13.5
TRIP_02690,19.6
TRIP_02691,15.2
TRIP_02692,7.3
TRIP_02693,17.8
TRIP_02694,37.3
TRIP_02695,18.3
TRIP_02696,112.3
TRIP_02697,14.6
TRIP_02698,44.6
TRIP_02699,4.3
TRIP_02700,106.0
TRIP_02701,29.0
TRIP_02702,12.6
TRIP_02703,12.4
TRIP_02704,107.5
TRIP_02705,70.6
TRIP_02706,36.1
TRIP_02707,83.2
TRIP_02708,30.4
TRIP_02709,73.5
TRIP_02710,20.5
TRIP_02711,44.7
TRIP_02712,61.4
TRIP_02713,38.2
TRIP_02714,27.9
TRIP_02715,14.6
TRIP_02716,21.9
TRIP_02717,26.5
TRIP_02718,14.3
TRIP_02719,36.4
TRIP_02720,45.9
TRIP_02721,24.8
TRIP_02722,6.7
TRIP_02723,26.2
TRIP_02724,37.7
TRIP_02725,30.5
TRIP_02726,22.3
TRIP_02727,45.4
TRIP_02728,29.1
TRIP_02729,6.8
TRIP_02730,22.6
TRIP_02731,64.0
TRIP_02732,47.2
TRIP_02733,33.8
TRIP_02734,30.9
TRIP_02735,8.6
TRIP_02736,26.2
TRIP_02737,37.1
TRIP_02738,62.4
TRIP_02739,41.7
TRIP_02740,40.8
TRIP_02741,29.3
TRIP_02742,38.6
TRIP_02743,69.8
TRIP_02744,135.6
TRIP_02745,14.7
TRIP_02746,67.7
TRIP_02747,48.0
TRIP_02748,20.1
TRIP_02749,72.3
TRIP_02750,23.7
TRIP_02751,73.6
TRIP_02752,15.6
TRIP_02753,126.4
TRIP_02754,118.4
TRIP_02755,12.4
TRIP_02756,114.3
TRIP_02757,29.5
TRIP_02758,43.2
TRIP_02759,60.8
TRIP_02760,91.0
TRIP_02761,49.7
TRIP_02762,97.5
TRIP_02763,20.2
TRIP_02764,22.2
TRIP_02765,25.1
TRIP_02766,13.2
TRIP_02767,34.0
TRIP_02768,12.6
TRIP_02769,16.7
TRIP_02770,4.5
TRIP_02771,57.2
TRIP_02772,10.3
TRIP_02773,9.6
TRIP_02774,29.4
TRIP_02775,16.8
TRIP_02776,22.8
TRIP_02777,23.7
TRIP_02778,33.8
TRIP_02779,30.9
TRIP_02780,20.3
TRIP_02781,100.0
TRIP_02782,41.9
TRIP_02783,41.0
TRIP_02784,16.8
TRIP_02785,18.8
TRIP_02786,123.2
TRIP_02787,28.2
TRIP_02788,79.2
TRIP_02789,51.2
TRIP_02790,36.4
TRIP_02791,10.2
TRIP_02792,23.7
TRIP_02793,21.8
TRIP_02794,30.0
TRIP_02795,29.2
TRIP_02796,13.0
TRIP_02797,17.5
TRIP_02798,11.0
TRIP_02799,21.2
TRIP_02800,26.0
TRIP_02801,17.9
TRIP_02802,19.4
TRIP_02803,38.3
TRIP_02804,48.4
TRIP_02805,41.6
TRIP_02806,88.5
TRIP_02807,26.0
TRIP_02808,19.6
TRIP_02809,53.6
TRIP_02810,20.7
TRIP_02811,37.3
TRIP_02812,14.2
TRIP_02813,51.9
TRIP_02814,13.6
TRIP_02815,70.4
TRIP_02816,26.3
TRIP_02817,26.4
TRIP_02818,17.3
TRIP_02819,30.4
TRIP_02820,18.0
TRIP_02821,57.7
TRIP_02822,20.6
TRIP_02823,15.6
TRIP_02824,22.1
TRIP_02825,40.7
TRIP_02826,8.5
TRIP_02827,27.4
TRIP_02828,13.5
TRIP_02829,12.7
TRIP_02830,31.5
TRIP_02831,33.7
TRIP_02832,24.0
TRIP_02833,53.3
TRIP_02834,23.1
TRIP_02835,115.6
TRIP_02836,101.2
TRIP_02837,54.8
TRIP_02838,14.4
TRIP_02839,68.0
TRIP_02840,17.4
TRIP_02841,78.1
TRIP_02842,41.8
TRIP_02843,16.9
TRIP_02844,21.3
TRIP_02845,9.2
TRIP_02846,98.5
TRIP_02847,70.3
TRIP_02848,51.2
TRIP_02849,95.1
TRIP_02850,22.8
TRIP_02851,14.4
TRIP_02852,25.7
TRIP_02853,11.4
TRIP_02854,14.9
TRIP_02855,78.0
TRIP_02856,61.6
TRIP_02857,4.8
TRIP_02858,64.5
TRIP_02859,39.1
TRIP_02860,25.2
TRIP_02861,8.8
TRIP_02862,121.0
TRIP_02863,31.3
TRIP_02864,7.2
TRIP_02865,31.3
TRIP_02866,18.4
TRIP_02867,5.8
TRIP_02868,28.9
TRIP_02869,8.9
TRIP_02870,45.2
TRIP_02871,23.6
TRIP_02872,31.6
TRIP_02873,12.8
TRIP_02874,99.3
TRIP_02875,19.8
TRIP_02876,41.5
TRIP_02877,39.7
TRIP_02878,9.0
TRIP_02879,9.7
TRIP_02880,13.3
TRIP_02881,20.4
TRIP_02882,34.5
TRIP_02883,83.5
TRIP_02884,22.5
TRIP_02885,10.0
TRIP_02886,37.1
TRIP_02887,27.9
TRIP_02888,33.0
TRIP_02889,20.1
TRIP_02890,17.0
TRIP_02891,108.6
TRIP_02892,16.5
TRIP_02893,13.1
TRIP_02894,27.1
TRIP_02895,62.1
TRIP_02896,15.7
TRIP_02897,39.8
TRIP_02898,49.0
TRIP_02899,12.2
TRIP_02900,18.7
TRIP_02901,17.6
TRIP_02902,18.6
TRIP_02903,32.6
TRIP_02904,155.3
TRIP_02905,14.7
TRIP_02906,7.1
TRIP_02907,93.9
TRIP_02908,31.8
TRIP_02909,91.9
TRIP_02910,12.9
TRIP_02911,62.3
TRIP_02912,56.2
TRIP_02913,17.6
TRIP_02914,34.2
TRIP_02915,19.8
TRIP_02916,19.7
TRIP_02917,81.3
TRIP_02918,7.0
TRIP_02919,7.4
TRIP_02920,28.0
TRIP_02921,15.1
TRIP_02922,21.4
TRIP_02923,12.6
TRIP_02924,92.6
TRIP_02925,128.7
TRIP_02926,14.3
TRIP_02927,69.2
TRIP_02928,17.4
TRIP_02929,20.3
TRIP_02930,7.2
TRIP_02931,20.3
TRIP_02932,30.5
TRIP_02933,63.1
TRIP_02934,46.1
TRIP_02935,15.1
TRIP_02936,48.0
TRIP_02937,98.3
TRIP_02938,11.7
TRIP_02939,17.2
TRIP_02940,19.6
TRIP_02941,19.5
TRIP_02942,22.5
TRIP_02943,39.2
TRIP_02944,34.1
TRIP_02945,30.1
TRIP_02946,94.5
TRIP_02947,29.2
TRIP_02948,41.4
TRIP_02949,25.4
TRIP_02950,27.2
TRIP_02951,16.1
TRIP_02952,31.8
TRIP_02953,43.9
TRIP_02954,14.4
TRIP_02955,29.4
TRIP_02956,20.7
TRIP_02957,42.1
TRIP_02958,121.3
TRIP_02959,25.9
TRIP_02960,25.3
TRIP_02961,42.9
TRIP_02962,12.3
TRIP_02963,49.3
TRIP_02964,52.9
TRIP_02965,31.8
TRIP_02966,59.1
TRIP_02967,32.6
TRIP_02968,29.5
TRIP_02969,16.5
TRIP_02970,4.6
TRIP_02971,14.5
TRIP_02972,44.8
TRIP_02973,55.9
TRIP_02974,76.7
TRIP_02975,70.8
TRIP_02976,27.4
TRIP_02977,57.3
TRIP_02978,19.9
TRIP_02979,18.1
TRIP_02980,43.8
TRIP_02981,47.3
TRIP_02982,129.6
TRIP_02983,53.2
TRIP_02984,27.5
TRIP_02985,51.4
TRIP_02986,29.9
TRIP_02987,59.0
TRIP_02988,55.2
TRIP_02989,3.9
TRIP_02990,43.1
TRIP_02991,13.1
TRIP_02992,14.0
TRIP_02993,24.8
TRIP_02994,66.0
TRIP_02995,21.0
TRIP_02996,13.1
TRIP_02997,12.0
TRIP_02998,93.6
TRIP_02999,37.8
TRIP_03000,16.8
TRIP_03001,17.9
TRIP_03002,143.6
TRIP_03003,55.0
TRIP_03004,168.4
TRIP_03005,85.9
TRIP_03006,80.4
TRIP_03007,23.2
TRIP_03008,19.4
TRIP_03009,48.4
TRIP_03010,72.7
TRIP_03011,37.4
TRIP_03012,68.2
TRIP_03013,116.0
TRIP_03014,47.3
TRIP_03015,14.2
TRIP_03016,118.5
TRIP_03017,21.0
TRIP_03018,153.7
TRIP_03019,45.3
TRIP_03020,86.7
TRIP_03021,49.7
TRIP_03022,38.5
TRIP_03023,32.7
TRIP_03024,35.8
TRIP_03025,21.4
TRIP_03026,58.7
TRIP_03027,101.7
TRIP_03028,15.7
TRIP_03029,19.0
TRIP_03030,34.9
TRIP_03031,25.4
TRIP_03032,86.0
TRIP_03033,45.7
TRIP_03034,96.4
TRIP_03035,47.1
TRIP_03036,175.1
TRIP_03037,30.9
TRIP_03038,83.8
TRIP_03039,24.7
TRIP_03040,19.5
TRIP_03041,33.2
TRIP_03042,16.9
TRIP_03043,20.8
TRIP_03044,70.2
TRIP_03045,31.9
TRIP_03046,77.6
TRIP_03047,11.6
TRIP_03048,83.2
TRIP_03049,66.7
TRIP_03050,16.4
TRIP_03051,39.4
TRIP_03052,32.4
TRIP_03053,13.9
TRIP_03054,37.7
TRIP_03055,75.0
TRIP_03056,80.3
TRIP_03057,50.3
TRIP_03058,7.1
TRIP_03059,61.5
TRIP_03060,65.3
TRIP_03061,27.1
TRIP_03062,34.6
TRIP_03063,18.2
TRIP_03064,10.9
TRIP_03065,40.2
TRIP_03066,204.1
TRIP_03067,57.3
TRIP_03068,28.5
TRIP_03069,11.5
TRIP_03070,28.9
TRIP_03071,76.3
TRIP_03072,137.8
TRIP_03073,30.5
TRIP_03074,22.5
TRIP_03075,32.1
TRIP_03076,20.8
TRIP_03077,15.0
TRIP_03078,36.5
TRIP_03079,33.4
TRIP_03080,35.4
TRIP_03081,57.9
TRIP_03082,107.2
TRIP_03083,35.3
TRIP_03084,25.0
TRIP_03085,63.4
TRIP_03086,32.9
TRIP_03087,31.1
TRIP_03088,11.3
TRIP_03089,52.5
TRIP_03090,18.1
TRIP_03091,16.3
TRIP_03092,41.2
TRIP_03093,15.0
TRIP_03094,11.4
TRIP_03095,44.3
TRIP_03096,35.0
TRIP_03097,174.0
TRIP_03098,33.1
TRIP_03099,30.6
TRIP_03100,70.2
TRIP_03101,76.0
TRIP_03102,20.8
TRIP_03103,22.9
TRIP_03104,29.3
TRIP_03105,54.8
TRIP_03106,37.7
TRIP_03107,55.3
TRIP_03108,21.3
TRIP_03109,54.5
TRIP_03110,94.0
TRIP_03111,23.2
TRIP_03112,32.2
TRIP_03113,41.1
TRIP_03114,29.4
TRIP_03115,21.8
TRIP_03116,67.2
TRIP_03117,8.3
TRIP_03118,19.4
TRIP_03119,102.6
TRIP_03120,32.5
TRIP_03121,6.9
TRIP_03122,32.1
TRIP_03123,17.7
TRIP_03124,85.6
TRIP_03125,9.2
TRIP_03126,53.7
TRIP_03127,20.3
TRIP_03128,151.2
TRIP_03129,63.8
TRIP_03130,46.8
TRIP_03131,12.6
TRIP_03132,35.2
TRIP_03133,31.9
TRIP_03134,26.8
TRIP_03135,56.1
TRIP_03136,57.1
TRIP_03137,67.7
TRIP_03138,22.3
TRIP_03139,21.0
TRIP_03140,16.6
TRIP_03141,11.2
TRIP_03142,17.9
TRIP_03143,21.6
TRIP_03144,13.1
TRIP_03145,71.2
TRIP_03146,45.0
TRIP_03147,26.4
TRIP_03148,73.2
TRIP_03149,19.9
TRIP_03150,87.2
TRIP_03151,25.0
TRIP_03152,31.3
TRIP_03153,21.6
TRIP_03154,46.6
TRIP_03155,53.9
TRIP_03156,107.0
TRIP_03157,21.7
TRIP_03158,44.7
TRIP_03159,54.5
TRIP_03160,40.1
TRIP_03161,18.1
TRIP_03162,70.0
TRIP_03163,22.4
TRIP_03164,31.2
TRIP_03165,15.6
TRIP_03166,31.5
TRIP_03167,29.1
TRIP_03168,6.2
TRIP_03169,24.5
TRIP_03170,5.1
TRIP_03171,34.1
TRIP_03172,102.1
TRIP_03173,11.3
TRIP_03174,64.4
TRIP_03175,23.2
TRIP_03176,25.9
TRIP_03177,51.9
TRIP_03178,50.0
TRIP_03179,13.5
TRIP_03180,14.4
TRIP_03181,7.9
TRIP_03182,29.9
TRIP_03183,22.6
TRIP_03184,34.2
TRIP_03185,20.3
TRIP_03186,12.3
TRIP_03187,35.4
TRIP_03188,28.2
TRIP_03189,63.7
TRIP_03190,65.3
TRIP_03191,29.8
TRIP_03192,21.4
TRIP_03193,37.9
TRIP_03194,79.3
TRIP_03195,38.1
TRIP_03196,39.0
TRIP_03197,50.9
TRIP_03198,10.2
TRIP_03199,9.4
TRIP_03200,11.5
TRIP_03201,18.5
TRIP_03202,37.4
TRIP_03203,18.3
TRIP_03204,43.3
TRIP_03205,93.8
TRIP_03206,30.8
TRIP_03207,9.8
TRIP_03208,15.3
TRIP_03209,31.9
TRIP_03210,28.7
TRIP_03211,35.3
TRIP_03212,17.4
TRIP_03213,24.7
TRIP_03214,91.4
TRIP_03215,31.7
TRIP_03216,161.9
TRIP_03217,24.5
TRIP_03218,26.6
TRIP_03219,29.3
TRIP_03220,43.1
TRIP_03221,37.0
TRIP_03222,36.3
TRIP_03223,4.5
TRIP_03224,37.0
TRIP_03225,7.7
TRIP_03226,10.2
TRIP_03227,116.3
TRIP_03228,84.7
TRIP_03229,26.8
TRIP_03230,15.5
TRIP_03231,39.2
TRIP_03232,75.7
TRIP_03233,69.2
TRIP_03234,75.0
TRIP_03235,9.4
TRIP_03236,42.3
TRIP_03237,24.0
TRIP_03238,62.7
TRIP_03239,23.3
TRIP_03240,47.6
TRIP_03241,33.0
TRIP_03242,116.5
TRIP_03243,19.0
TRIP_03244,20.3
TRIP_03245,31.0
TRIP_03246,8.5
TRIP_03247,57.8
TRIP_03248,22.4
TRIP_03249,39.9
TRIP_03250,113.1
TRIP_03251,17.3
TRIP_03252,16.6
TRIP_03253,112.1
TRIP_03254,39.5
TRIP_03255,14.1
TRIP_03256,90.4
TRIP_03257,8.1
TRIP_03258,20.3
TRIP_03259,38.4
TRIP_03260,26.2
TRIP_03261,82.9
TRIP_03262,7.2
TRIP_03263,14.2
TRIP_03264,40.5
TRIP_03265,40.9
TRIP_03266,58.0
TRIP_03267,56.6
TRIP_03268,66.7
TRIP_03269,47.7
TRIP_03270,66.8
TRIP_03271,39.5
TRIP_03272,18.6
TRIP_03273,18.0
TRIP_03274,35.0
TRIP_03275,66.2
TRIP_03276,21.9
TRIP_03277,51.4
TRIP_03278,32.3
TRIP_03279,17.5
TRIP_03280,30.0
TRIP_03281,7.5
TRIP_03282,46.5
TRIP_03283,27.7
TRIP_03284,8.5
TRIP_03285,8.1
TRIP_03286,74.6
TRIP_03287,33.4
TRIP_03288,14.5
TRIP_03289,65.5
TRIP_03290,28.6
TRIP_03291,6.0
TRIP_03292,93.6
TRIP_03293,44.4
TRIP_03294,67.9
TRIP_03295,108.4
TRIP_03296,21.3
TRIP_03297,40.2
TRIP_03298,50.7
TRIP_03299,49.2
TRIP_03300,20.9
TRIP_03301,44.3
TRIP_03302,30.8
TRIP_03303,19.3
TRIP_03304,24.7
TRIP_03305,27.3
TRIP_03306,15.3
TRIP_03307,44.3
TRIP_03308,20.9
TRIP_03309,44.8
TRIP_03310,56.3
TRIP_03311,79.6
TRIP_03312,30.1
TRIP_03313,17.1
TRIP_03314,19.7
TRIP_03315,20.3
TRIP_03316,18.4
TRIP_03317,6.2
TRIP_03318,17.3
TRIP_03319,54.2
TRIP_03320,15.2
TRIP_03321,90.9
TRIP_03322,42.5
TRIP_03323,15.2
TRIP_03324,98.3
TRIP_03325,37.5
TRIP_03326,36.6
TRIP_03327,21.5
TRIP_03328,18.2
TRIP_03329,20.2
TRIP_03330,82.6
TRIP_03331,94.2
TRIP_03332,16.0
TRIP_03333,14.1
TRIP_03334,109.4
TRIP_03335,11.5
TRIP_03336,54.2
TRIP_03337,29.1
TRIP_03338,12.5
TRIP_03339,11.6
TRIP_03340,15.1
TRIP_03341,25.5
TRIP_03342,30.6
TRIP_03343,58.5
TRIP_03344,27.8
TRIP_03345,4.9
TRIP_03346,18.5
TRIP_03347,30.3
TRIP_03348,50.6
TRIP_03349,69.8
TRIP_03350,79.3
TRIP_03351,29.0
TRIP_03352,83.8
TRIP_03353,64.0
TRIP_03354,31.6
TRIP_03355,23.9
TRIP_03356,15.3
TRIP_03357,81.9
TRIP_03358,12.4
TRIP_03359,13.7
TRIP_03360,48.4
TRIP_03361,15.0
TRIP_03362,108.3
TRIP_03363,27.6
TRIP_03364,28.0
TRIP_03365,42.8
TRIP_03366,11.0
TRIP_03367,18.8
TRIP_03368,27.3
TRIP_03369,13.0
TRIP_03370,28.5
TRIP_03371,89.1
TRIP_03372,51.9
TRIP_03373,19.6
TRIP_03374,17.4
TRIP_03375,13.4
TRIP_03376,18.7
TRIP_03377,16.2
TRIP_03378,27.5
TRIP_03379,32.0
TRIP_03380,15.8
TRIP_03381,158.3
TRIP_03382,20.0
TRIP_03383,56.4
TRIP_03384,41.6
TRIP_03385,53.1
TRIP_03386,43.2
TRIP_03387,21.9
TRIP_03388,36.9
TRIP_03389,29.4
TRIP_03390,53.2
TRIP_03391,24.6
TRIP_03392,43.5
TRIP_03393,92.0
TRIP_03394,17.5
TRIP_03395,36.5
TRIP_03396,38.8
TRIP_03397,47.0
TRIP_03398,47.2
TRIP_03399,30.8
TRIP_03400,7.6
TRIP_03401,96.2
TRIP_03402,21.8
TRIP_03403,23.8
TRIP_03404,23.7
TRIP_03405,18.5
TRIP_03406,71.3
TRIP_03407,40.9
TRIP_03408,51.5
TRIP_03409,10.9
TRIP_03410,37.9
TRIP_03411,26.2
TRIP_03412,31.7
TRIP_03413,19.0
TRIP_03414,6.2
TRIP_03415,30.9
TRIP_03416,67.0
TRIP_03417,14.8
TRIP_03418,34.2
TRIP_03419,23.0
TRIP_03420,9.2
TRIP_03421,39.6
TRIP_03422,18.3
TRIP_03423,60.7
TRIP_03424,25.7
TRIP_03425,52.1
TRIP_03426,14.6
TRIP_03427,21.9
TRIP_03428,198.9
TRIP_03429,36.0
TRIP_03430,17.5
TRIP_03431,55.2
TRIP_03432,45.2
TRIP_03433,52.3
TRIP_03434,12.7
TRIP_03435,22.6
TRIP_03436,13.6
TRIP_03437,12.0
TRIP_03438,29.5
TRIP_03439,35.6
TRIP_03440,41.2
TRIP_03441,22.2
TRIP_03442,11.0
TRIP_03443,40.6
TRIP_03444,21.9
TRIP_03445,37.8
TRIP_03446,107.4
TRIP_03447,25.6
TRIP_03448,35.1
TRIP_03449,11.5
TRIP_03450,45.6
TRIP_03451,45.4
TRIP_03452,22.0
TRIP_03453,10.9
TRIP_03454,5.3
TRIP_03455,77.5
TRIP_03456,144.5
TRIP_03457,109.6
TRIP_03458,13.7
TRIP_03459,27.4
TRIP_03460,44.0
TRIP_03461,14.2
TRIP_03462,21.6
TRIP_03463,16.5
TRIP_03464,63.3
TRIP_03465,92.8
TRIP_03466,19.4
TRIP_03467,6.7
TRIP_03468,46.2
TRIP_03469,33.9
TRIP_03470,38.0
TRIP_03471,45.7
TRIP_03472,29.8
TRIP_03473,17.8
TRIP_03474,12.2
TRIP_03475,47.1
TRIP_03476,22.8
TRIP_03477,59.7
TRIP_03478,28.2
TRIP_03479,42.2
TRIP_03480,12.0
TRIP_03481,70.2
TRIP_03482,38.1
TRIP_03483,22.7
TRIP_03484,28.4
TRIP_03485,11.6
TRIP_03486,18.5
TRIP_03487,25.0
TRIP_03488,45.5
TRIP_03489,21.2
TRIP_03490,79.5
TRIP_03491,18.8
TRIP_03492,51.6
TRIP_03493,16.6
TRIP_03494,16.9
TRIP_03495,19.2
TRIP_03496,36.4
TRIP_03497,24.8
TRIP_03498,54.1
TRIP_03499,59.4
TRIP_03500,23.3
TRIP_03501,76.5
TRIP_03502,91.9
TRIP_03503,28.2
TRIP_03504,14.5
TRIP_03505,22.6
TRIP_03506,56.3
TRIP_03507,15.4
TRIP_03508,30.3
TRIP_03509,20.1
TRIP_03510,12.7
TRIP_03511,20.1
TRIP_03512,28.9
TRIP_03513,21.6
TRIP_03514,62.1
TRIP_03515,19.4
TRIP_03516,31.9
TRIP_03517,10.5
TRIP_03518,49.7
TRIP_03519,29.9
TRIP_03520,37.7
TRIP_03521,106.8
TRIP_03522,114.0
TRIP_03523,19.5
TRIP_03524,20.1
TRIP_03525,10.2
TRIP_03526,16.1
TRIP_03527,14.3
TRIP_03528,81.6
TRIP_03529,26.5
TRIP_03530,23.1
TRIP_03531,21.9
TRIP_03532,19.1
TRIP_03533,67.0
TRIP_03534,52.5
TRIP_03535,24.7
TRIP_03536,16.5
TRIP_03537,58.4
TRIP_03538,17.0
TRIP_03539,45.8
TRIP_03540,55.6
TRIP_03541,17.7
TRIP_03542,8.0
TRIP_03543,72.8
TRIP_03544,24.9
TRIP_03545,17.8
TRIP_03546,15.0
TRIP_03547,10.2
TRIP_03548,113.9
TRIP_03549,20.4
TRIP_03550,23.6
TRIP_03551,25.8
TRIP_03552,79.5
TRIP_03553,19.0
TRIP_03554,23.1
TRIP_03555,33.4
TRIP_03556,24.9
TRIP_03557,3.8
TRIP_03558,80.4
TRIP_03559,25.7
TRIP_03560,23.6
TRIP_03561,34.0
TRIP_03562,25.5
TRIP_03563,7.1
TRIP_03564,19.8
TRIP_03565,26.3
TRIP_03566,63.4
TRIP_03567,93.8
TRIP_03568,131.4
TRIP_03569,102.1
TRIP_03570,22.2
TRIP_03571,56.3
TRIP_03572,28.5
TRIP_03573,66.4
TRIP_03574,71.5
TRIP_03575,16.8
TRIP_03576,16.4
TRIP_03577,9.9
TRIP_03578,13.6
TRIP_03579,38.0
TRIP_03580,24.4
TRIP_03581,27.2
TRIP_03582,6.7
TRIP_03583,54.8
TRIP_03584,50.1
TRIP_03585,36.5
TRIP_03586,48.3
TRIP_03587,21.7
TRIP_03588,46.1
TRIP_03589,31.8
TRIP_03590,16.4
TRIP_03591,19.8
TRIP_03592,73.5
TRIP_03593,21.4
TRIP_03594,38.7
TRIP_03595,15.6
TRIP_03596,15.6
TRIP_03597,19.7
TRIP_03598,64.9
TRIP_03599,8.6
TRIP_03600,12.5
TRIP_03601,89.6
TRIP_03602,20.9
TRIP_03603,37.0
TRIP_03604,28.1
TRIP_03605,17.1
TRIP_03606,33.3
TRIP_03607,8.1
TRIP_03608,22.2
TRIP_03609,24.5
TRIP_03610,12.1
TRIP_03611,44.7
TRIP_03612,33.3
TRIP_03613,24.5
TRIP_03614,22.3
TRIP_03615,32.9
TRIP_03616,14.4
TRIP_03617,42.1
TRIP_03618,47.2
TRIP_03619,21.6
TRIP_03620,74.6
TRIP_03621,19.4
TRIP_03622,25.5
TRIP_03623,20.8
TRIP_03624,51.8
TRIP_03625,78.3
TRIP_03626,33.7
TRIP_03627,20.6
TRIP_03628,120.4
TRIP_03629,18.4
TRIP_03630,87.0
TRIP_03631,18.5
TRIP_03632,60.2
TRIP_03633,43.7
TRIP_03634,21.6
TRIP_03635,162.7
TRIP_03636,86.4
TRIP_03637,13.1
TRIP_03638,84.4
TRIP_03639,81.0
TRIP_03640,59.2
TRIP_03641,20.3
TRIP_03642,20.1
TRIP_03643,27.7
TRIP_03644,116.2
TRIP_03645,48.9
TRIP_03646,35.2
TRIP_03647,53.1
TRIP_03648,25.9
TRIP_03649,47.7
TRIP_03650,2.6
TRIP_03651,28.1
TRIP_03652,32.6
TRIP_03653,51.3
TRIP_03654,27.5
TRIP_03655,18.8
TRIP_03656,118.0
TRIP_03657,56.1
TRIP_03658,22.7
TRIP_03659,21.3
TRIP_03660,72.7
TRIP_03661,43.2
TRIP_03662,28.8
TRIP_03663,26.2
TRIP_03664,17.9
TRIP_03665,27.6
TRIP_03666,18.1
TRIP_03667,16.0
TRIP_03668,86.0
TRIP_03669,12.9
TRIP_03670,34.9
TRIP_03671,39.7
TRIP_03672,14.9
TRIP_03673,41.3
TRIP_03674,25.1
TRIP_03675,15.6
TRIP_03676,127.5
TRIP_03677,3.6
TRIP_03678,3.1
TRIP_03679,57.3
TRIP_03680,58.0
TRIP_03681,252.5
TRIP_03682,5.6
TRIP_03683,16.2
TRIP_03684,35.6
TRIP_03685,26.3
TRIP_03686,80.5
TRIP_03687,61.4
TRIP_03688,40.1
TRIP_03689,30.6
TRIP_03690,16.6
TRIP_03691,66.8
TRIP_03692,11.4
TRIP_03693,39.8
TRIP_03694,42.3
TRIP_03695,22.3
TRIP_03696,12.3
TRIP_03697,23.6
TRIP_03698,56.3
TRIP_03699,60.9
TRIP_03700,19.9
TRIP_03701,21.3
TRIP_03702,36.8
TRIP_03703,37.4
TRIP_03704,24.1
TRIP_03705,114.9
TRIP_03706,42.9
TRIP_03707,225.6
TRIP_03708,42.4
TRIP_03709,9.2
TRIP_03710,16.2
TRIP_03711,37.6
TRIP_03712,23.9
TRIP_03713,15.2
TRIP_03714,44.5
TRIP_03715,54.9
TRIP_03716,36.0
TRIP_03717,19.4
TRIP_03718,37.7
TRIP_03719,16.4
TRIP_03720,44.4
TRIP_03721,14.6
TRIP_03722,37.8
TRIP_03723,38.0
TRIP_03724,33.6
TRIP_03725,8.3
TRIP_03726,23.9
TRIP_03727,37.7
TRIP_03728,7.8
TRIP_03729,39.0
TRIP_03730,8.7
TRIP_03731,131.8
TRIP_03732,122.2
TRIP_03733,13.2
TRIP_03734,17.1
TRIP_03735,18.8
TRIP_03736,43.4
TRIP_03737,87.9
TRIP_03738,16.6
TRIP_03739,85.1
TRIP_03740,109.3
TRIP_03741,47.9
TRIP_03742,29.1
TRIP_03743,10.6
TRIP_03744,26.9
TRIP_03745,34.1
TRIP_03746,51.3
TRIP_03747,29.2
TRIP_03748,29.5
TRIP_03749,66.1
TRIP_03750,29.1
TRIP_03751,27.2
TRIP_03752,5.3
TRIP_03753,32.1
TRIP_03754,116.8
TRIP_03755,85.7
TRIP_03756,21.5
TRIP_03757,20.0
TRIP_03758,24.2
TRIP_03759,15.7
TRIP_03760,65.4
TRIP_03761,19.0
TRIP_03762,18.3
TRIP_03763,58.1
TRIP_03764,29.7
TRIP_03765,96.6
TRIP_03766,81.3
TRIP_03767,19.8
TRIP_03768,14.6
TRIP_03769,34.7
TRIP_03770,26.5
TRIP_03771,27.2
TRIP_03772,35.3
TRIP_03773,44.1
TRIP_03774,23.3
TRIP_03775,35.5
TRIP_03776,7.1
TRIP_03777,103.4
TRIP_03778,16.3
TRIP_03779,10.1
TRIP_03780,41.1
TRIP_03781,29.0
TRIP_03782,16.2
TRIP_03783,20.7
TRIP_03784,13.2
TRIP_03785,24.8
TRIP_03786,24.3
TRIP_03787,33.9
TRIP_03788,13.5
TRIP_03789,5.8
TRIP_03790,37.4
TRIP_03791,50.9
TRIP_03792,35.8
TRIP_03793,9.5
TRIP_03794,35.1
TRIP_03795,6.5
TRIP_03796,13.8
TRIP_03797,10.9
TRIP_03798,41.7
TRIP_03799,21.2
TRIP_03800,11.5
TRIP_03801,23.4
TRIP_03802,5.6
TRIP_03803,16.3
TRIP_03804,83.5
TRIP_03805,34.3
TRIP_03806,27.8
TRIP_03807,17.6
TRIP_03808,4.3
TRIP_03809,57.5
TRIP_03810,44.9
TRIP_03811,15.1
TRIP_03812,55.6
TRIP_03813,34.3
TRIP_03814,38.8
TRIP_03815,25.9
TRIP_03816,11.8
TRIP_03817,41.8
TRIP_03818,22.4
TRIP_03819,14.9
TRIP_03820,35.6
TRIP_03821,119.1
TRIP_03822,34.8
TRIP_03823,22.0
TRIP_03824,11.1
TRIP_03825,41.6
TRIP_03826,57.9
TRIP_03827,21.6
TRIP_03828,100.0
TRIP_03829,28.0
TRIP_03830,34.5
TRIP_03831,27.0
TRIP_03832,25.8
TRIP_03833,169.1
TRIP_03834,15.5
TRIP_03835,8.9
TRIP_03836,258.6
TRIP_03837,18.0
TRIP_03838,58.6
TRIP_03839,6.9
TRIP_03840,60.0
TRIP_03841,86.4
TRIP_03842,46.8
TRIP_03843,137.8
TRIP_03844,18.6
TRIP_03845,19.7
TRIP_03846,36.7
TRIP_03847,19.2
TRIP_03848,90.5
TRIP_03849,15.4
TRIP_03850,27.4
TRIP_03851,40.4
TRIP_03852,81.4
TRIP_03853,52.1
TRIP_03854,36.2
TRIP_03855,95.6
TRIP_03856,59.1
TRIP_03857,28.2
TRIP_03858,64.8
TRIP_03859,24.1
TRIP_03860,15.1
TRIP_03861,150.7
TRIP_03862,59.8
TRIP_03863,14.1
TRIP_03864,13.0
TRIP_03865,6.6
TRIP_03866,39.2
TRIP_03867,94.0
TRIP_03868,51.7
TRIP_03869,9.0
TRIP_03870,46.7
TRIP_03871,22.9
TRIP_03872,46.2
TRIP_03873,115.0
TRIP_03874,19.7
TRIP_03875,18.5
TRIP_03876,38.6
TRIP_03877,33.0
TRIP_03878,15.9
TRIP_03879,20.1
TRIP_03880,25.6
TRIP_03881,31.8
TRIP_03882,33.7
TRIP_03883,182.6
TRIP_03884,27.2
TRIP_03885,26.2
TRIP_03886,21.2
TRIP_03887,36.0
TRIP_03888,33.8
TRIP_03889,7.6
TRIP_03890,40.3
TRIP_03891,24.8
TRIP_03892,111.6
TRIP_03893,104.8
TRIP_03894,34.2
TRIP_03895,30.9
TRIP_03896,46.9
TRIP_03897,44.0
TRIP_03898,38.1
TRIP_03899,27.6
TRIP_03900,22.2
TRIP_03901,146.2
TRIP_03902,54.0
TRIP_03903,57.7
TRIP_03904,30.2
TRIP_03905,39.8
TRIP_03906,32.0
TRIP_03907,38.6
TRIP_03908,63.6
TRIP_03909,22.0
TRIP_03910,17.3
TRIP_03911,31.7
TRIP_03912,23.0
TRIP_03913,57.0
TRIP_03914,21.6
TRIP_03915,34.8
TRIP_03916,23.7
TRIP_03917,8.4
TRIP_03918,22.1
TRIP_03919,18.2
TRIP_03920,21.8
TRIP_03921,11.3
TRIP_03922,50.5
TRIP_03923,21.3
TRIP_03924,75.0
TRIP_03925,16.1
TRIP_03926,29.0
TRIP_03927,13.6
TRIP_03928,73.8
TRIP_03929,11.7
TRIP_03930,33.4
TRIP_03931,109.9
TRIP_03932,22.5
TRIP_03933,44.3
TRIP_03934,16.1
TRIP_03935,19.9
TRIP_03936,17.3
TRIP_03937,23.8
TRIP_03938,9.7
TRIP_03939,2.4
TRIP_03940,103.7
TRIP_03941,22.5
TRIP_03942,27.2
TRIP_03943,93.0
TRIP_03944,21.6
TRIP_03945,25.7
TRIP_03946,30.0
TRIP_03947,27.7
TRIP_03948,113.9
TRIP_03949,26.2
TRIP_03950,110.5
TRIP_03951,37.7
TRIP_03952,27.5
TRIP_03953,52.4
TRIP_03954,74.0
TRIP_03955,126.9
TRIP_03956,35.7
TRIP_03957,43.4
TRIP_03958,84.1
TRIP_03959,31.8
TRIP_03960,38.1
TRIP_03961,35.5
TRIP_03962,66.1
TRIP_03963,95.4
TRIP_03964,97.9
TRIP_03965,18.0
TRIP_03966,36.3
TRIP_03967,3.2
TRIP_03968,7.1
TRIP_03969,24.7
TRIP_03970,16.0
TRIP_03971,45.7
TRIP_03972,26.0
TRIP_03973,60.4
TRIP_03974,24.0
TRIP_03975,24.7
TRIP_03976,80.1
TRIP_03977,26.8
TRIP_03978,25.5
TRIP_03979,11.6
TRIP_03980,13.5
TRIP_03981,13.7
TRIP_03982,14.4
TRIP_03983,39.7
TRIP_03984,75.4
TRIP_03985,25.6
TRIP_03986,27.5
TRIP_03987,26.3
TRIP_03988,21.5
TRIP_03989,24.2
TRIP_03990,23.3
TRIP_03991,11.7
TRIP_03992,38.6
TRIP_03993,32.9
TRIP_03994,15.1
TRIP_03995,64.4
TRIP_03996,76.8
TRIP_03997,37.2
TRIP_03998,30.9
TRIP_03999,27.6
TRIP_04000,64.6
